account_id,customer_id,account_type,open_date,status,balance
A000001,C00001,Savings,2025-12-19,Active,2059.17
A000002,C00001,Checking,2025-11-23,Active,1207.27
A000003,C00002,Savings,2024-09-02,Active,912.1
A000004,C00002,Checking,2024-12-06,Active,7523.33
A000005,C00003,Savings,2025-08-20,Active,5872.61
A000006,C00004,Savings,2024-08-03,Dormant,3721.91
A000007,C00005,Checking,2025-10-16,Active,6966.82
A000008,C00006,Checking,2024-11-13,Active,3032.86
A000009,C00006,Savings,2025-10-19,Active,2514.53
A000010,C00007,Savings,2024-08-16,Active,5742.82
A000011,C00007,Checking,2025-12-02,Dormant,1313.0
A000012,C00008,Savings,2025-01-07,Active,2691.25
A000013,C00008,Checking,2024-11-26,Active,674.53
A000014,C00009,Savings,2024-04-11,Active,4524.62
A000015,C00010,Savings,2025-10-21,Closed,8324.24
A000016,C00011,Savings,2024-08-31,Dormant,4834.96
A000017,C00011,Checking,2024-08-17,Active,1562.86
A000018,C00012,Savings,2025-01-22,Active,394.86
A000019,C00012,Checking,2025-02-24,Active,25835.26
A000020,C00013,Checking,2025-05-06,Active,1724.94
A000021,C00013,Savings,2025-10-29,Closed,1217.44
A000022,C00014,Savings,2025-03-23,Active,12903.16
A000023,C00015,Savings,2025-12-05,Active,1778.58
A000024,C00015,Checking,2025-09-06,Active,8875.97
A000025,C00016,Savings,2025-04-05,Active,2075.58
A000026,C00016,Checking,2024-12-09,Active,2221.63
A000027,C00017,Savings,2024-09-04,Active,3842.36
A000028,C00017,Checking,2025-09-27,Active,2195.54
A000029,C00018,Checking,2025-10-01,Dormant,1089.12
A000030,C00019,Savings,2025-08-11,Active,1336.35
A000031,C00020,Savings,2025-03-24,Active,1025.64
A000032,C00021,Savings,2025-06-22,Active,860.26
A000033,C00022,Savings,2025-08-14,Active,1308.8
A000034,C00023,Savings,2025-02-14,Active,6563.93
A000035,C00024,Savings,2025-03-14,Active,4005.75
A000036,C00025,Checking,2025-12-28,Active,6004.24
A000037,C00025,Savings,2025-09-07,Active,16359.42
A000038,C00026,Savings,2025-01-31,Active,961.62
A000039,C00027,Checking,2025-09-12,Closed,2792.25
A000040,C00028,Savings,2025-07-04,Active,12719.7
A000041,C00028,Checking,2024-09-26,Active,722.75
A000042,C00029,Checking,2025-09-04,Closed,626.68
A000043,C00030,Checking,2025-07-22,Active,3108.41
A000044,C00031,Checking,2025-02-06,Active,10396.2
A000045,C00031,Savings,2025-06-15,Active,5804.91
A000046,C00032,Savings,2024-09-27,Active,2170.6
A000047,C00033,Savings,2025-05-29,Active,5776.03
A000048,C00033,Checking,2025-12-15,Active,3188.66
A000049,C00034,Savings,2025-08-27,Active,2392.97
A000050,C00035,Savings,2025-03-23,Active,11085.72
A000051,C00035,Checking,2025-10-14,Active,4848.66
A000052,C00036,Checking,2025-11-13,Active,1627.23
A000053,C00036,Savings,2025-06-26,Active,1665.31
A000054,C00037,Savings,2025-06-08,Active,465.13
A000055,C00038,Checking,2025-10-12,Active,4783.31
A000056,C00038,Savings,2024-09-22,Active,423.67
A000057,C00039,Savings,2025-06-14,Active,2276.71
A000058,C00039,Checking,2025-07-04,Active,1422.06
A000059,C00040,Checking,2024-09-17,Active,2703.48
A000060,C00041,Checking,2025-05-06,Active,3042.15
A000061,C00042,Savings,2025-08-12,Active,5978.35
A000062,C00042,Checking,2025-02-20,Active,483.56
A000063,C00043,Savings,2025-09-22,Active,723.18
A000064,C00043,Checking,2025-05-09,Active,2587.41
A000065,C00044,Checking,2025-07-21,Active,626.94
A000066,C00045,Checking,2024-10-24,Active,12611.99
A000067,C00046,Savings,2024-09-10,Active,3954.96
A000068,C00046,Checking,2025-12-23,Active,968.3
A000069,C00047,Savings,2025-12-23,Closed,4332.77
A000070,C00048,Checking,2025-09-06,Dormant,580.12
A000071,C00049,Savings,2025-08-24,Active,5833.14
A000072,C00050,Savings,2024-10-07,Active,3105.16
A000073,C00051,Savings,2025-12-18,Active,15247.72
A000074,C00052,Savings,2024-03-07,Active,10028.67
A000075,C00053,Savings,2025-08-28,Active,12812.02
A000076,C00054,Checking,2025-01-18,Active,490.83
A000077,C00055,Savings,2024-08-12,Dormant,2237.18
A000078,C00056,Checking,2025-08-12,Active,17022.6
A000079,C00056,Savings,2025-08-20,Active,2834.26
A000080,C00057,Savings,2025-06-06,Active,2130.97
A000081,C00058,Checking,2025-07-12,Active,1313.48
A000082,C00059,Checking,2025-02-16,Active,1613.73
A000083,C00060,Checking,2024-06-02,Active,1983.78
A000084,C00061,Checking,2025-09-30,Active,3922.24
A000085,C00061,Savings,2025-06-26,Active,1164.41
A000086,C00062,Checking,2025-07-08,Active,5343.78
A000087,C00063,Checking,2025-03-04,Active,3201.15
A000088,C00063,Savings,2025-04-19,Active,40014.23
A000089,C00064,Savings,2025-05-12,Active,2975.18
A000090,C00065,Checking,2025-03-09,Active,14436.46
A000091,C00065,Savings,2025-04-03,Active,927.65
A000092,C00066,Checking,2025-11-09,Active,3082.78
A000093,C00067,Savings,2025-10-30,Active,5290.19
A000094,C00067,Checking,2025-01-22,Active,1430.76
A000095,C00068,Checking,2025-08-03,Active,5936.62
A000096,C00069,Checking,2025-07-10,Active,749.37
A000097,C00069,Savings,2025-07-27,Active,4280.42
A000098,C00070,Checking,2024-08-14,Active,17893.94
A000099,C00071,Savings,2025-08-18,Active,6157.89
A000100,C00071,Checking,2025-12-27,Active,9272.55
A000101,C00072,Savings,2025-07-05,Active,7680.45
A000102,C00073,Savings,2025-05-16,Active,1413.79
A000103,C00074,Checking,2024-08-30,Active,119.38
A000104,C00075,Checking,2025-08-25,Active,9633.89
A000105,C00076,Savings,2025-07-21,Active,5273.43
A000106,C00077,Savings,2024-06-11,Active,7511.98
A000107,C00078,Checking,2025-02-01,Dormant,2016.25
A000108,C00078,Savings,2025-08-18,Active,816.5
A000109,C00079,Checking,2025-04-24,Active,20868.01
A000110,C00080,Checking,2024-07-08,Dormant,6883.41
A000111,C00080,Savings,2024-07-11,Closed,33335.05
A000112,C00081,Checking,2025-12-06,Closed,60.44
A000113,C00082,Savings,2024-10-01,Active,619.42
A000114,C00083,Checking,2025-06-14,Active,465.69
A000115,C00084,Checking,2025-04-02,Active,896.32
A000116,C00085,Savings,2025-09-28,Active,1089.35
A000117,C00086,Checking,2024-08-14,Active,2675.97
A000118,C00086,Savings,2025-10-28,Active,7561.2
A000119,C00087,Savings,2024-06-10,Active,6865.42
A000120,C00088,Checking,2025-05-03,Active,2426.31
A000121,C00088,Savings,2025-04-19,Active,2144.47
A000122,C00089,Checking,2025-09-22,Active,5603.19
A000123,C00089,Savings,2025-03-01,Active,7887.07
A000124,C00090,Checking,2025-04-29,Active,2637.19
A000125,C00090,Savings,2025-09-07,Active,12234.05
A000126,C00091,Savings,2025-01-22,Active,2406.17
A000127,C00091,Checking,2025-04-12,Active,2644.75
A000128,C00092,Checking,2025-07-30,Active,3300.62
A000129,C00092,Savings,2025-04-09,Active,1945.93
A000130,C00093,Checking,2025-09-05,Active,1662.86
A000131,C00093,Savings,2025-10-28,Active,3578.22
A000132,C00094,Checking,2024-06-05,Active,4463.02
A000133,C00095,Checking,2025-08-25,Active,7113.96
A000134,C00095,Savings,2025-01-31,Active,7338.82
A000135,C00096,Savings,2025-10-15,Active,20647.76
A000136,C00096,Checking,2025-08-04,Dormant,20715.73
A000137,C00097,Savings,2024-12-14,Active,1562.61
A000138,C00098,Savings,2025-08-30,Dormant,1559.46
A000139,C00098,Checking,2025-12-07,Active,4675.19
A000140,C00099,Savings,2025-06-29,Active,11846.4
A000141,C00100,Savings,2025-04-16,Active,2142.53
A000142,C00101,Savings,2024-08-13,Active,8598.88
A000143,C00102,Savings,2025-07-09,Active,5574.22
A000144,C00102,Checking,2025-07-10,Active,34439.23
A000145,C00103,Checking,2025-09-25,Active,5473.02
A000146,C00103,Savings,2025-08-10,Active,8889.73
A000147,C00104,Savings,2024-04-30,Active,1795.41
A000148,C00105,Checking,2025-04-20,Active,2438.44
A000149,C00106,Savings,2025-12-20,Dormant,1901.82
A000150,C00107,Checking,2025-02-11,Active,959.8
A000151,C00108,Checking,2025-05-09,Active,4718.63
A000152,C00109,Checking,2025-04-18,Dormant,1501.21
A000153,C00110,Savings,2025-03-09,Active,409.68
A000154,C00110,Checking,2025-12-12,Active,4694.95
A000155,C00111,Checking,2025-01-18,Active,1943.16
A000156,C00112,Savings,2025-07-02,Active,8215.98
A000157,C00113,Savings,2025-08-21,Dormant,1910.89
A000158,C00113,Checking,2025-05-03,Active,192.39
A000159,C00114,Checking,2025-10-31,Active,300.87
A000160,C00114,Savings,2025-11-14,Active,5627.16
A000161,C00115,Savings,2025-11-22,Dormant,2839.45
A000162,C00115,Checking,2025-02-19,Active,7203.14
A000163,C00116,Savings,2025-06-16,Dormant,1343.52
A000164,C00117,Checking,2025-03-26,Active,15244.5
A000165,C00118,Checking,2025-08-03,Dormant,2099.81
A000166,C00118,Savings,2025-08-05,Dormant,4668.08
A000167,C00119,Savings,2024-05-24,Active,595.21
A000168,C00120,Checking,2025-09-14,Active,821.12
A000169,C00121,Savings,2025-05-06,Active,535.2
A000170,C00121,Checking,2025-08-31,Active,8952.63
A000171,C00122,Checking,2025-11-12,Dormant,7040.04
A000172,C00123,Savings,2025-12-06,Active,1609.44
A000173,C00124,Savings,2025-10-05,Active,1412.7
A000174,C00125,Savings,2025-10-08,Active,2316.68
A000175,C00126,Checking,2025-01-06,Active,1298.96
A000176,C00127,Checking,2024-08-16,Dormant,2145.25
A000177,C00127,Savings,2025-02-12,Active,3061.11
A000178,C00128,Checking,2025-02-07,Active,3698.89
A000179,C00129,Savings,2025-02-03,Active,4907.29
A000180,C00130,Checking,2024-10-10,Dormant,5837.79
A000181,C00131,Checking,2025-12-20,Active,5365.4
A000182,C00132,Checking,2024-12-04,Active,3613.72
A000183,C00132,Savings,2025-04-06,Active,5142.23
A000184,C00133,Savings,2025-06-27,Active,2453.62
A000185,C00134,Savings,2024-12-24,Active,21056.97
A000186,C00134,Checking,2025-06-30,Active,3814.98
A000187,C00135,Checking,2025-06-18,Active,1595.58
A000188,C00135,Savings,2025-08-11,Active,1907.09
A000189,C00136,Checking,2025-12-23,Active,2006.51
A000190,C00137,Savings,2025-08-19,Active,2318.76
A000191,C00138,Checking,2025-08-05,Active,966.97
A000192,C00139,Savings,2025-08-12,Active,483.53
A000193,C00140,Checking,2024-10-25,Active,15589.22
A000194,C00140,Savings,2025-06-19,Active,460.67
A000195,C00141,Checking,2025-04-02,Active,5796.91
A000196,C00142,Savings,2025-07-19,Active,2758.61
A000197,C00143,Checking,2025-06-11,Dormant,3001.29
A000198,C00144,Savings,2025-09-26,Active,6469.97
A000199,C00145,Savings,2025-08-27,Closed,2051.27
A000200,C00146,Savings,2025-07-19,Active,2743.0
A000201,C00147,Checking,2025-12-29,Active,2360.66
A000202,C00148,Savings,2025-04-30,Active,1206.14
A000203,C00149,Savings,2025-12-26,Active,489.63
A000204,C00150,Checking,2025-09-04,Dormant,2007.84
A000205,C00150,Savings,2025-05-29,Active,1742.41
A000206,C00151,Savings,2024-09-16,Active,9721.76
A000207,C00151,Checking,2024-11-10,Active,482.39
A000208,C00152,Savings,2025-11-08,Active,1107.1
A000209,C00153,Checking,2025-09-19,Active,808.55
A000210,C00154,Savings,2025-09-03,Active,508.54
A000211,C00155,Savings,2025-07-13,Active,4536.96
A000212,C00156,Checking,2025-12-25,Dormant,3156.39
A000213,C00156,Savings,2025-03-19,Active,1179.45
A000214,C00157,Savings,2025-12-17,Active,446.62
A000215,C00158,Checking,2024-08-16,Active,2842.2
A000216,C00159,Checking,2024-06-28,Active,4336.69
A000217,C00160,Checking,2024-06-06,Dormant,4921.57
A000218,C00161,Savings,2025-07-16,Active,8425.15
A000219,C00162,Savings,2025-09-01,Active,4508.7
A000220,C00162,Checking,2025-11-19,Active,19761.06
A000221,C00163,Savings,2025-12-22,Active,884.43
A000222,C00164,Savings,2025-03-31,Active,2776.66
A000223,C00165,Checking,2024-12-03,Active,991.63
A000224,C00166,Savings,2024-09-18,Active,11562.3
A000225,C00166,Checking,2024-07-28,Active,2442.08
A000226,C00167,Checking,2025-05-12,Active,909.99
A000227,C00168,Checking,2025-07-08,Active,4529.45
A000228,C00168,Savings,2025-09-19,Active,2693.51
A000229,C00169,Savings,2024-09-14,Active,15644.08
A000230,C00169,Checking,2025-11-13,Dormant,2919.7
A000231,C00170,Checking,2025-11-02,Active,4690.19
A000232,C00171,Checking,2025-10-01,Active,3467.28
A000233,C00172,Savings,2025-09-02,Active,2938.63
A000234,C00173,Savings,2025-05-04,Active,5075.66
A000235,C00174,Savings,2025-07-03,Closed,2269.5
A000236,C00174,Checking,2024-11-06,Active,762.57
A000237,C00175,Savings,2025-09-14,Active,321.44
A000238,C00175,Checking,2024-09-14,Active,1311.34
A000239,C00176,Checking,2024-07-08,Active,31529.66
A000240,C00176,Savings,2025-03-16,Active,3856.34
A000241,C00177,Checking,2025-08-21,Active,1234.05
A000242,C00178,Checking,2025-05-24,Active,2267.72
A000243,C00179,Checking,2025-02-24,Active,10265.42
A000244,C00179,Savings,2025-11-09,Active,335.48
A000245,C00180,Savings,2025-07-05,Closed,15103.45
A000246,C00180,Checking,2025-02-09,Active,16377.28
A000247,C00181,Savings,2025-08-26,Active,663.91
A000248,C00181,Checking,2024-11-30,Active,789.25
A000249,C00182,Savings,2025-12-21,Active,2734.56
A000250,C00182,Checking,2025-11-03,Active,66044.15
A000251,C00183,Savings,2025-04-24,Active,4453.99
A000252,C00183,Checking,2025-07-09,Closed,4471.33
A000253,C00184,Savings,2025-04-19,Active,8456.37
A000254,C00185,Savings,2024-09-13,Dormant,11007.72
A000255,C00186,Checking,2025-07-30,Active,2594.8
A000256,C00186,Savings,2025-09-28,Active,3721.17
A000257,C00187,Checking,2025-04-19,Active,4554.92
A000258,C00187,Savings,2024-11-29,Active,1691.66
A000259,C00188,Savings,2025-02-23,Active,4760.83
A000260,C00189,Savings,2024-06-21,Active,13469.79
A000261,C00190,Savings,2025-11-14,Active,862.63
A000262,C00191,Checking,2025-07-15,Active,5668.07
A000263,C00192,Savings,2025-09-01,Active,1326.6
A000264,C00192,Checking,2025-09-04,Active,2675.36
A000265,C00193,Checking,2025-11-21,Active,757.72
A000266,C00193,Savings,2025-10-28,Active,993.8
A000267,C00194,Savings,2025-03-12,Active,7883.19
A000268,C00195,Savings,2025-04-24,Active,4540.09
A000269,C00195,Checking,2025-05-14,Dormant,3204.11
A000270,C00196,Checking,2025-12-30,Active,533.52
A000271,C00197,Checking,2025-10-29,Active,1530.08
A000272,C00198,Checking,2025-05-05,Active,2104.8
A000273,C00199,Checking,2024-10-21,Active,3580.13
A000274,C00200,Savings,2025-05-14,Active,2289.82
A000275,C00201,Checking,2025-07-16,Active,4645.99
A000276,C00202,Checking,2025-07-25,Dormant,1977.59
A000277,C00202,Savings,2025-11-06,Dormant,847.2
A000278,C00203,Savings,2024-08-30,Active,966.12
A000279,C00204,Savings,2025-07-29,Active,5945.21
A000280,C00204,Checking,2025-05-16,Active,3356.08
A000281,C00205,Savings,2025-05-30,Active,1106.46
A000282,C00206,Savings,2025-06-06,Dormant,6460.14
A000283,C00206,Checking,2024-10-15,Active,6529.34
A000284,C00207,Checking,2025-08-14,Active,3402.01
A000285,C00208,Savings,2025-02-21,Active,68766.28
A000286,C00209,Checking,2025-12-15,Active,410.08
A000287,C00210,Savings,2025-11-07,Active,4089.6
A000288,C00211,Checking,2025-10-21,Active,2602.05
A000289,C00211,Savings,2025-01-07,Active,9089.92
A000290,C00212,Savings,2025-06-24,Active,1617.76
A000291,C00213,Savings,2025-11-05,Active,3355.32
A000292,C00214,Checking,2025-06-07,Dormant,347.26
A000293,C00214,Savings,2025-05-06,Active,11223.36
A000294,C00215,Savings,2025-12-21,Active,3700.94
A000295,C00215,Checking,2024-11-28,Active,301.4
A000296,C00216,Savings,2025-09-04,Active,884.82
A000297,C00216,Checking,2025-05-11,Active,3858.29
A000298,C00217,Checking,2025-03-24,Active,2839.69
A000299,C00217,Savings,2025-04-24,Active,1497.99
A000300,C00218,Checking,2025-05-25,Active,7323.51
A000301,C00219,Checking,2025-06-02,Closed,972.05
A000302,C00220,Savings,2025-06-04,Active,504.14
A000303,C00220,Checking,2025-02-15,Active,1236.34
A000304,C00221,Savings,2025-08-15,Dormant,2572.69
A000305,C00222,Savings,2025-03-25,Active,1188.33
A000306,C00222,Checking,2025-03-09,Active,2343.56
A000307,C00223,Savings,2025-11-01,Active,4845.04
A000308,C00224,Checking,2025-05-13,Active,3516.82
A000309,C00225,Checking,2024-10-18,Active,15510.5
A000310,C00225,Savings,2025-04-15,Active,3368.78
A000311,C00226,Savings,2025-06-18,Active,7528.96
A000312,C00226,Checking,2025-11-20,Active,4794.82
A000313,C00227,Savings,2025-08-29,Active,805.51
A000314,C00228,Checking,2024-05-22,Active,11720.49
A000315,C00229,Checking,2025-12-01,Active,2648.64
A000316,C00230,Checking,2024-04-30,Active,513.23
A000317,C00231,Savings,2025-05-08,Active,30926.37
A000318,C00232,Checking,2025-09-04,Active,1727.86
A000319,C00233,Checking,2025-06-22,Active,421.96
A000320,C00233,Savings,2025-10-05,Active,396.36
A000321,C00234,Checking,2025-11-01,Active,7585.91
A000322,C00235,Savings,2025-09-06,Active,2129.27
A000323,C00236,Savings,2025-10-07,Active,791.51
A000324,C00237,Savings,2025-10-23,Active,2828.4
A000325,C00238,Savings,2025-06-12,Active,7042.36
A000326,C00238,Checking,2025-03-17,Dormant,9817.26
A000327,C00239,Checking,2024-06-13,Active,2244.76
A000328,C00240,Checking,2025-10-26,Closed,2616.79
A000329,C00240,Savings,2025-08-01,Active,6290.5
A000330,C00241,Savings,2025-10-24,Active,5575.01
A000331,C00242,Savings,2024-08-08,Active,13491.04
A000332,C00243,Checking,2024-08-26,Active,3184.36
A000333,C00244,Checking,2025-01-05,Active,1885.18
A000334,C00244,Savings,2025-08-25,Active,17261.54
A000335,C00245,Savings,2025-11-04,Active,3824.53
A000336,C00245,Checking,2025-04-07,Active,1393.55
A000337,C00246,Checking,2025-06-14,Active,11969.13
A000338,C00247,Savings,2025-08-15,Active,1431.3
A000339,C00247,Checking,2025-04-30,Active,2847.39
A000340,C00248,Checking,2025-07-02,Active,2308.93
A000341,C00249,Checking,2025-08-09,Active,1395.18
A000342,C00249,Savings,2025-09-26,Active,14118.42
A000343,C00250,Checking,2025-08-22,Active,322.45
A000344,C00251,Checking,2025-08-23,Active,1411.53
A000345,C00252,Savings,2025-11-20,Active,6624.9
A000346,C00252,Checking,2025-11-16,Dormant,2090.06
A000347,C00253,Savings,2025-07-01,Closed,8872.71
A000348,C00253,Checking,2025-07-21,Active,679.12
A000349,C00254,Savings,2025-12-05,Active,378.3
A000350,C00255,Savings,2025-01-28,Active,2339.17
A000351,C00256,Checking,2025-10-20,Active,1273.19
A000352,C00257,Checking,2025-11-09,Active,2073.89
A000353,C00258,Checking,2025-03-23,Active,570.14
A000354,C00259,Savings,2025-06-01,Active,24926.73
A000355,C00260,Savings,2025-11-30,Active,880.46
A000356,C00261,Savings,2025-02-04,Active,1206.51
A000357,C00261,Checking,2024-11-09,Active,2644.91
A000358,C00262,Savings,2025-05-29,Active,15850.65
A000359,C00263,Savings,2024-12-13,Active,1240.16
A000360,C00264,Checking,2024-12-09,Active,5640.38
A000361,C00264,Savings,2025-05-24,Dormant,2176.44
A000362,C00265,Checking,2025-03-27,Active,4255.91
A000363,C00265,Savings,2024-06-28,Active,1939.46
A000364,C00266,Savings,2025-10-09,Active,1369.71
A000365,C00266,Checking,2025-12-14,Dormant,7914.76
A000366,C00267,Savings,2025-04-06,Active,4499.37
A000367,C00268,Savings,2025-05-06,Active,14251.56
A000368,C00269,Checking,2025-03-08,Active,3802.4
A000369,C00270,Savings,2025-01-31,Active,1001.86
A000370,C00271,Checking,2024-08-02,Active,122.92
A000371,C00272,Savings,2025-11-29,Dormant,3314.03
A000372,C00273,Checking,2025-12-09,Active,10510.16
A000373,C00273,Savings,2025-12-13,Active,1719.53
A000374,C00274,Checking,2025-08-27,Active,2449.81
A000375,C00274,Savings,2025-01-18,Active,1711.26
A000376,C00275,Savings,2025-07-28,Active,35714.52
A000377,C00276,Checking,2025-09-03,Active,2040.55
A000378,C00276,Savings,2025-03-30,Active,9374.49
A000379,C00277,Checking,2025-07-18,Active,4862.18
A000380,C00278,Savings,2025-07-06,Active,8043.28
A000381,C00278,Checking,2025-10-18,Active,2555.5
A000382,C00279,Savings,2025-03-17,Active,479.34
A000383,C00279,Checking,2024-10-30,Closed,1863.24
A000384,C00280,Checking,2025-03-10,Active,1476.74
A000385,C00281,Savings,2025-06-14,Active,5186.11
A000386,C00282,Savings,2024-08-01,Active,1390.45
A000387,C00283,Checking,2024-09-18,Active,4866.48
A000388,C00284,Checking,2025-08-11,Active,1765.56
A000389,C00284,Savings,2025-12-12,Active,8310.69
A000390,C00285,Savings,2025-08-31,Active,7167.57
A000391,C00286,Checking,2025-10-29,Active,3883.67
A000392,C00287,Checking,2025-04-05,Active,9463.84
A000393,C00288,Savings,2024-07-27,Active,2979.51
A000394,C00289,Checking,2025-05-16,Active,728.81
A000395,C00290,Checking,2025-05-13,Active,35985.06
A000396,C00291,Checking,2024-04-11,Active,2187.85
A000397,C00292,Savings,2025-12-03,Active,829.92
A000398,C00293,Checking,2025-11-13,Active,5459.89
A000399,C00294,Checking,2025-11-25,Active,1766.18
A000400,C00294,Savings,2025-06-10,Active,8551.97
A000401,C00295,Checking,2025-07-28,Active,509.38
A000402,C00295,Savings,2025-08-21,Active,13041.93
A000403,C00296,Savings,2025-05-26,Active,2055.7
A000404,C00297,Checking,2025-06-09,Active,4617.06
A000405,C00297,Savings,2025-12-10,Active,4967.0
A000406,C00298,Checking,2024-08-14,Active,2522.67
A000407,C00299,Savings,2025-12-31,Active,27731.18
A000408,C00300,Checking,2025-12-07,Active,7385.59
A000409,C00301,Checking,2025-07-30,Active,36947.83
A000410,C00302,Savings,2025-11-13,Active,2362.09
A000411,C00302,Checking,2024-07-17,Active,1088.1
A000412,C00303,Checking,2025-11-30,Dormant,16125.08
A000413,C00304,Savings,2025-09-06,Active,1848.59
A000414,C00305,Checking,2025-06-22,Active,8761.39
A000415,C00305,Savings,2025-09-09,Active,1466.21
A000416,C00306,Checking,2025-09-08,Active,646.28
A000417,C00307,Savings,2025-05-11,Active,2172.98
A000418,C00307,Checking,2025-09-27,Dormant,1580.24
A000419,C00308,Checking,2025-07-25,Active,1672.66
A000420,C00309,Savings,2025-05-21,Active,5805.22
A000421,C00310,Savings,2025-10-19,Active,221.44
A000422,C00310,Checking,2025-05-26,Active,675.03
A000423,C00311,Checking,2024-11-13,Active,453.98
A000424,C00311,Savings,2025-01-01,Active,4631.9
A000425,C00312,Savings,2025-11-23,Active,763.78
A000426,C00312,Checking,2025-05-01,Active,1652.68
A000427,C00313,Checking,2025-06-19,Active,3026.65
A000428,C00313,Savings,2025-04-12,Active,2850.09
A000429,C00314,Checking,2025-11-03,Active,5377.68
A000430,C00315,Savings,2025-10-15,Active,5230.32
A000431,C00316,Checking,2025-04-25,Active,10650.12
A000432,C00317,Savings,2025-10-10,Active,676.92
A000433,C00318,Checking,2025-10-14,Active,785.35
A000434,C00319,Savings,2024-09-09,Active,898.99
A000435,C00320,Savings,2025-12-04,Active,315.23
A000436,C00321,Savings,2025-12-09,Active,1250.23
A000437,C00322,Savings,2025-04-26,Active,653.52
A000438,C00322,Checking,2025-01-16,Active,10074.74
A000439,C00323,Checking,2025-01-23,Dormant,4301.53
A000440,C00324,Checking,2025-06-05,Active,3644.35
A000441,C00325,Savings,2025-07-29,Dormant,3239.89
A000442,C00326,Checking,2024-07-02,Active,1414.22
A000443,C00327,Savings,2024-04-26,Active,3442.77
A000444,C00328,Savings,2025-09-20,Active,846.32
A000445,C00329,Checking,2025-02-06,Active,2436.19
A000446,C00329,Savings,2025-08-11,Active,3296.02
A000447,C00330,Checking,2024-08-22,Active,6720.53
A000448,C00331,Savings,2025-05-13,Active,3447.27
A000449,C00332,Checking,2024-12-01,Active,2263.07
A000450,C00333,Savings,2024-07-02,Active,1199.65
A000451,C00334,Savings,2025-01-12,Active,5485.28
A000452,C00334,Checking,2025-09-12,Active,596.76
A000453,C00335,Savings,2025-05-30,Active,1244.62
A000454,C00336,Savings,2025-03-17,Active,4472.04
A000455,C00337,Checking,2025-08-08,Dormant,2898.32
A000456,C00338,Checking,2025-06-10,Active,2146.2
A000457,C00339,Checking,2025-11-30,Active,1055.4
A000458,C00339,Savings,2025-05-03,Active,3236.97
A000459,C00340,Checking,2024-11-10,Active,1835.93
A000460,C00341,Checking,2025-10-13,Active,2146.0
A000461,C00342,Checking,2025-10-06,Active,15375.35
A000462,C00343,Savings,2025-09-10,Active,679.16
A000463,C00344,Checking,2025-06-26,Active,21734.56
A000464,C00344,Savings,2025-07-04,Active,8634.38
A000465,C00345,Savings,2025-10-29,Active,4620.02
A000466,C00346,Savings,2024-03-01,Active,17861.87
A000467,C00347,Checking,2024-09-11,Active,5939.72
A000468,C00347,Savings,2025-02-26,Active,10128.24
A000469,C00348,Checking,2025-03-03,Closed,2941.55
A000470,C00349,Savings,2025-06-29,Active,2758.1
A000471,C00349,Checking,2025-05-25,Active,965.35
A000472,C00350,Checking,2024-08-14,Active,4024.97
A000473,C00351,Savings,2025-01-16,Dormant,692.56
A000474,C00352,Checking,2025-10-18,Active,8198.79
A000475,C00353,Checking,2025-10-23,Active,114.1
A000476,C00353,Savings,2025-02-03,Active,2799.72
A000477,C00354,Savings,2025-10-07,Active,1491.8
A000478,C00355,Checking,2025-10-01,Active,2699.93
A000479,C00356,Savings,2025-11-17,Active,1025.04
A000480,C00356,Checking,2025-11-21,Active,603.26
A000481,C00357,Savings,2025-06-16,Dormant,1464.29
A000482,C00357,Checking,2025-06-23,Active,2336.75
A000483,C00358,Checking,2025-10-17,Active,418.15
A000484,C00358,Savings,2025-04-30,Active,4469.17
A000485,C00359,Savings,2025-05-02,Active,77707.71
A000486,C00360,Checking,2025-09-15,Active,13764.25
A000487,C00361,Checking,2025-05-29,Active,27550.36
A000488,C00362,Savings,2025-08-06,Dormant,518.34
A000489,C00362,Checking,2025-10-23,Active,1407.88
A000490,C00363,Savings,2025-09-21,Active,1833.83
A000491,C00364,Checking,2025-04-15,Active,5245.19
A000492,C00364,Savings,2025-01-26,Active,719.86
A000493,C00365,Checking,2025-11-25,Active,2673.61
A000494,C00366,Checking,2024-09-29,Active,2327.85
A000495,C00367,Savings,2025-04-25,Active,195953.7
A000496,C00368,Checking,2025-05-11,Active,2052.63
A000497,C00369,Checking,2025-08-21,Dormant,11506.7
A000498,C00369,Savings,2024-11-30,Active,1336.64
A000499,C00370,Savings,2025-09-27,Active,1198.64
A000500,C00371,Checking,2024-10-13,Active,3387.33
A000501,C00372,Savings,2025-02-18,Active,4118.42
A000502,C00372,Checking,2025-07-08,Active,752.76
A000503,C00373,Savings,2025-05-12,Active,4653.64
A000504,C00374,Savings,2025-08-22,Active,282.1
A000505,C00374,Checking,2025-12-28,Active,2766.77
A000506,C00375,Savings,2025-04-20,Active,9576.98
A000507,C00375,Checking,2025-04-27,Active,37515.65
A000508,C00376,Checking,2025-12-18,Active,8170.61
A000509,C00377,Checking,2024-06-03,Active,1771.62
A000510,C00378,Savings,2025-09-19,Active,1167.5
A000511,C00379,Savings,2025-06-22,Active,1552.64
A000512,C00380,Savings,2025-09-19,Active,492.93
A000513,C00381,Savings,2025-06-20,Active,681.47
A000514,C00382,Savings,2024-09-01,Active,2547.02
A000515,C00383,Checking,2025-04-25,Closed,39813.51
A000516,C00384,Savings,2025-06-27,Active,1035.17
A000517,C00385,Checking,2025-10-30,Active,726.19
A000518,C00386,Savings,2024-10-22,Active,8242.75
A000519,C00387,Savings,2025-05-24,Closed,4455.19
A000520,C00387,Checking,2025-11-10,Active,1101.28
A000521,C00388,Checking,2024-02-12,Active,7666.74
A000522,C00389,Checking,2025-01-26,Active,4693.73
A000523,C00390,Savings,2025-02-25,Active,1541.81
A000524,C00390,Checking,2024-06-22,Active,166.7
A000525,C00391,Checking,2025-07-21,Closed,4318.68
A000526,C00392,Checking,2024-08-09,Active,2851.06
A000527,C00393,Checking,2025-06-14,Active,2226.3
A000528,C00394,Savings,2025-09-04,Active,3563.87
A000529,C00394,Checking,2025-05-25,Active,2583.69
A000530,C00395,Checking,2025-10-08,Active,19931.83
A000531,C00396,Checking,2025-09-08,Active,1651.0
A000532,C00397,Checking,2025-12-30,Closed,2774.47
A000533,C00397,Savings,2025-05-20,Active,6205.98
A000534,C00398,Checking,2025-09-02,Active,785.97
A000535,C00398,Savings,2025-06-21,Active,18008.2
A000536,C00399,Savings,2025-06-08,Closed,6579.76
A000537,C00400,Savings,2025-03-05,Active,2804.68
A000538,C00401,Savings,2025-12-30,Active,527.8
A000539,C00402,Checking,2025-12-18,Active,1136.38
A000540,C00403,Checking,2025-02-22,Active,4800.87
A000541,C00404,Savings,2025-11-12,Active,2586.72
A000542,C00405,Savings,2025-04-29,Closed,8195.57
A000543,C00406,Savings,2025-07-24,Active,2183.22
A000544,C00407,Savings,2024-09-11,Active,5142.94
A000545,C00408,Savings,2025-08-22,Active,1254.52
A000546,C00409,Checking,2025-06-04,Active,2207.47
A000547,C00409,Savings,2025-10-25,Active,619.78
A000548,C00410,Savings,2025-04-30,Active,332.56
A000549,C00411,Savings,2025-12-19,Active,675.18
A000550,C00412,Savings,2024-08-11,Active,746.35
A000551,C00413,Checking,2025-10-08,Active,1795.81
A000552,C00413,Savings,2025-04-24,Active,379.82
A000553,C00414,Checking,2025-11-28,Closed,413.88
A000554,C00415,Checking,2024-12-28,Active,1244.84
A000555,C00416,Savings,2025-09-07,Active,8876.83
A000556,C00417,Savings,2024-07-01,Active,1904.09
A000557,C00418,Savings,2024-12-11,Active,6112.19
A000558,C00419,Savings,2025-12-09,Active,1683.28
A000559,C00420,Checking,2025-11-05,Active,671.82
A000560,C00421,Savings,2024-05-17,Active,2943.94
A000561,C00422,Checking,2025-10-12,Active,3986.41
A000562,C00423,Savings,2025-10-16,Active,29425.29
A000563,C00424,Checking,2024-03-07,Active,15095.63
A000564,C00425,Savings,2025-05-17,Active,1790.02
A000565,C00426,Checking,2025-12-25,Dormant,445.69
A000566,C00426,Savings,2025-04-18,Active,2275.14
A000567,C00427,Savings,2025-11-15,Active,2387.78
A000568,C00427,Checking,2025-08-09,Active,1284.27
A000569,C00428,Checking,2025-03-27,Active,3329.38
A000570,C00428,Savings,2025-06-09,Closed,749.07
A000571,C00429,Checking,2025-05-26,Active,17017.27
A000572,C00430,Checking,2025-11-11,Active,422.5
A000573,C00431,Checking,2025-01-07,Active,1283.97
A000574,C00432,Savings,2025-02-06,Active,652.26
A000575,C00433,Checking,2025-08-12,Active,3762.72
A000576,C00434,Savings,2025-07-18,Active,3519.86
A000577,C00435,Checking,2025-08-04,Active,958.01
A000578,C00436,Checking,2025-08-24,Active,1292.33
A000579,C00437,Checking,2024-10-16,Active,4446.46
A000580,C00437,Savings,2024-11-14,Active,2908.08
A000581,C00438,Checking,2025-10-25,Active,10412.02
A000582,C00439,Checking,2025-01-07,Active,1357.66
A000583,C00440,Checking,2025-08-29,Active,5666.94
A000584,C00441,Checking,2025-02-19,Active,3411.02
A000585,C00441,Savings,2025-05-23,Closed,15288.32
A000586,C00442,Checking,2025-01-28,Active,2811.23
A000587,C00442,Savings,2024-08-12,Active,2155.47
A000588,C00443,Savings,2025-09-03,Active,2887.39
A000589,C00444,Savings,2025-12-16,Active,1629.65
A000590,C00445,Checking,2025-07-18,Active,9115.76
A000591,C00446,Checking,2025-06-04,Active,671.31
A000592,C00447,Savings,2025-07-14,Active,257.52
A000593,C00448,Savings,2025-02-09,Active,1871.01
A000594,C00448,Checking,2025-06-24,Active,1158.37
A000595,C00449,Checking,2025-12-29,Dormant,4144.85
A000596,C00450,Checking,2025-09-12,Dormant,27.25
A000597,C00451,Savings,2025-04-18,Active,1027.79
A000598,C00451,Checking,2025-04-02,Active,11923.28
A000599,C00452,Checking,2025-03-30,Closed,578.45
A000600,C00452,Savings,2025-09-26,Active,2364.92
A000601,C00453,Checking,2025-06-02,Active,3333.43
A000602,C00453,Savings,2025-03-03,Dormant,1114.07
A000603,C00454,Checking,2025-09-04,Active,915.72
A000604,C00454,Savings,2025-12-06,Active,574.64
A000605,C00455,Savings,2025-07-15,Active,1888.51
A000606,C00456,Checking,2025-02-27,Dormant,2151.71
A000607,C00456,Savings,2025-03-20,Active,7820.53
A000608,C00457,Checking,2025-09-28,Active,56507.91
A000609,C00457,Savings,2025-06-05,Active,2784.52
A000610,C00458,Checking,2025-10-09,Active,1708.88
A000611,C00459,Checking,2024-11-09,Active,13529.82
A000612,C00460,Savings,2024-05-14,Active,1688.37
A000613,C00461,Checking,2025-11-29,Active,2582.67
A000614,C00461,Savings,2025-11-20,Dormant,2734.15
A000615,C00462,Savings,2024-09-03,Active,738.19
A000616,C00463,Checking,2025-02-23,Active,4187.25
A000617,C00464,Checking,2025-09-25,Active,3151.87
A000618,C00464,Savings,2025-09-23,Active,8547.04
A000619,C00465,Savings,2025-08-03,Active,8811.0
A000620,C00465,Checking,2025-07-12,Active,2122.65
A000621,C00466,Checking,2025-10-15,Active,751.8
A000622,C00467,Checking,2025-12-29,Active,4319.29
A000623,C00468,Checking,2025-03-30,Closed,3833.5
A000624,C00469,Checking,2024-10-07,Active,824.26
A000625,C00470,Checking,2025-07-19,Active,3557.38
A000626,C00471,Savings,2025-08-30,Closed,14347.39
A000627,C00471,Checking,2025-11-16,Active,732.05
A000628,C00472,Checking,2025-12-01,Active,1311.36
A000629,C00473,Checking,2025-12-14,Active,3649.72
A000630,C00474,Checking,2024-02-16,Active,22971.73
A000631,C00475,Savings,2025-08-16,Active,4440.84
A000632,C00476,Savings,2025-07-11,Active,8596.85
A000633,C00477,Checking,2024-11-19,Active,1551.2
A000634,C00478,Checking,2025-10-27,Active,2240.26
A000635,C00478,Savings,2025-01-13,Active,13912.43
A000636,C00479,Checking,2025-05-16,Active,3203.0
A000637,C00480,Savings,2025-02-18,Active,11335.41
A000638,C00480,Checking,2025-11-26,Active,13433.97
A000639,C00481,Checking,2025-03-23,Active,2696.59
A000640,C00482,Savings,2025-08-01,Active,2777.01
A000641,C00483,Checking,2025-03-19,Active,6184.51
A000642,C00484,Savings,2025-06-04,Active,25876.62
A000643,C00485,Checking,2025-04-07,Active,1804.17
A000644,C00486,Savings,2025-11-04,Active,1216.79
A000645,C00487,Savings,2025-05-16,Active,863.5
A000646,C00488,Checking,2025-06-09,Active,1450.61
A000647,C00488,Savings,2025-12-29,Active,1283.0
A000648,C00489,Checking,2025-07-21,Active,3728.54
A000649,C00490,Savings,2025-12-18,Active,714.86
A000650,C00491,Checking,2025-07-22,Active,1872.04
A000651,C00492,Checking,2024-07-17,Active,3096.11
A000652,C00493,Checking,2025-09-13,Dormant,737.09
A000653,C00493,Savings,2025-07-25,Active,12833.36
A000654,C00494,Savings,2024-08-09,Active,9653.08
A000655,C00495,Checking,2025-03-03,Active,5330.31
A000656,C00496,Savings,2024-08-25,Active,4151.33
A000657,C00497,Checking,2024-10-03,Active,501.29
A000658,C00498,Checking,2025-09-24,Active,2117.38
A000659,C00498,Savings,2025-06-29,Active,4584.99
A000660,C00499,Checking,2025-09-03,Active,3610.12
A000661,C00500,Checking,2025-12-08,Active,10530.5
