customer_id,report_date,credit_score,total_debt,delinquencies_24m
C00001,2025-06-30,665,8165.5,0
C00001,2025-12-31,772,75549.63,0
C00002,2025-06-30,674,6155.77,0
C00002,2025-12-31,765,10997.71,1
C00003,2025-06-30,634,2287.0,2
C00003,2025-12-31,715,11438.69,1
C00004,2025-06-30,709,3838.62,0
C00004,2025-12-31,764,57468.44,0
C00005,2025-06-30,769,13453.52,1
C00005,2025-12-31,842,15389.5,0
C00006,2025-06-30,621,29551.22,0
C00006,2025-12-31,680,19630.92,3
C00007,2025-06-30,756,21850.04,0
C00007,2025-12-31,717,26992.79,1
C00008,2025-06-30,802,32922.96,2
C00008,2025-12-31,655,20670.88,0
C00009,2025-06-30,727,6929.38,1
C00009,2025-12-31,698,10796.18,0
C00010,2025-06-30,664,9087.57,0
C00010,2025-12-31,576,5292.85,0
C00011,2025-06-30,693,28251.17,0
C00011,2025-12-31,765,9984.31,0
C00012,2025-06-30,741,33308.32,0
C00012,2025-12-31,661,3996.52,0
C00013,2025-06-30,771,7675.62,3
C00013,2025-12-31,731,130797.81,0
C00014,2025-06-30,810,18180.75,0
C00014,2025-12-31,708,34595.12,0
C00015,2025-06-30,732,3222.08,0
C00015,2025-12-31,629,54013.71,1
C00016,2025-06-30,777,7764.87,0
C00016,2025-12-31,657,47619.03,0
C00017,2025-06-30,732,7643.91,0
C00017,2025-12-31,786,2748.63,0
C00018,2025-06-30,753,12906.39,3
C00018,2025-12-31,812,27814.78,0
C00019,2025-06-30,583,36234.21,0
C00019,2025-12-31,570,7086.38,0
C00020,2025-06-30,625,14146.77,0
C00020,2025-12-31,746,85728.06,0
C00021,2025-06-30,688,10353.92,1
C00021,2025-12-31,632,24750.86,0
C00022,2025-06-30,682,65768.63,1
C00022,2025-12-31,593,11398.68,0
C00023,2025-06-30,604,4801.55,0
C00023,2025-12-31,748,17275.7,0
C00024,2025-06-30,608,42306.51,0
C00024,2025-12-31,658,13399.92,0
C00025,2025-06-30,672,1764.45,2
C00025,2025-12-31,692,4311.97,0
C00026,2025-06-30,780,5149.63,0
C00026,2025-12-31,699,204667.72,1
C00027,2025-06-30,671,7748.88,0
C00027,2025-12-31,576,5510.54,0
C00028,2025-06-30,592,21729.14,0
C00028,2025-12-31,532,38997.59,0
C00029,2025-06-30,719,13274.91,0
C00029,2025-12-31,636,11337.96,0
C00030,2025-06-30,638,8898.99,2
C00030,2025-12-31,685,9577.92,0
C00031,2025-06-30,651,5254.05,0
C00031,2025-12-31,680,31034.21,3
C00032,2025-06-30,768,10524.64,0
C00032,2025-12-31,742,10620.95,0
C00033,2025-06-30,644,216301.94,1
C00033,2025-12-31,624,27063.91,2
C00034,2025-06-30,763,1203.68,0
C00034,2025-12-31,737,31749.29,0
C00035,2025-06-30,642,22629.41,0
C00035,2025-12-31,739,25425.84,0
C00036,2025-06-30,693,74501.08,0
C00036,2025-12-31,636,20726.8,1
C00037,2025-06-30,691,36035.63,0
C00037,2025-12-31,802,7712.14,0
C00038,2025-06-30,616,38651.73,1
C00038,2025-12-31,712,11988.25,1
C00039,2025-06-30,772,5117.82,0
C00039,2025-12-31,725,15954.26,0
C00040,2025-06-30,568,8747.77,0
C00040,2025-12-31,708,16440.97,0
C00041,2025-06-30,724,16961.23,0
C00041,2025-12-31,731,30728.7,1
C00042,2025-06-30,725,27781.52,0
C00042,2025-12-31,785,10306.71,1
C00043,2025-06-30,707,3313.13,1
C00043,2025-12-31,543,18547.46,0
C00044,2025-06-30,750,24201.2,0
C00044,2025-12-31,700,18442.53,0
C00045,2025-06-30,606,29656.21,0
C00045,2025-12-31,548,7154.65,0
C00046,2025-06-30,850,37449.77,1
C00046,2025-12-31,724,9546.37,1
C00047,2025-06-30,594,11160.94,0
C00047,2025-12-31,625,19408.53,0
C00048,2025-06-30,796,5101.7,0
C00048,2025-12-31,703,6415.5,0
C00049,2025-06-30,718,2380.66,0
C00049,2025-12-31,663,56435.03,1
C00050,2025-06-30,667,1459.64,0
C00050,2025-12-31,699,18261.94,3
C00051,2025-06-30,725,4230.57,0
C00051,2025-12-31,631,14382.96,0
C00052,2025-06-30,708,53304.61,0
C00052,2025-12-31,690,16138.28,0
C00053,2025-06-30,783,3834.43,0
C00053,2025-12-31,672,27655.76,0
C00054,2025-06-30,705,9960.86,0
C00054,2025-12-31,716,14182.66,0
C00055,2025-06-30,677,7527.39,0
C00055,2025-12-31,798,53312.61,0
C00056,2025-06-30,705,9707.92,0
C00056,2025-12-31,605,5192.65,1
C00057,2025-06-30,702,19178.98,3
C00057,2025-12-31,657,2633.33,3
C00058,2025-06-30,783,5437.52,0
C00058,2025-12-31,678,14765.2,0
C00059,2025-06-30,752,9640.67,0
C00059,2025-12-31,544,11816.05,1
C00060,2025-06-30,550,33623.03,0
C00060,2025-12-31,749,4993.88,0
C00061,2025-06-30,566,5979.39,0
C00061,2025-12-31,510,17307.13,2
C00062,2025-06-30,653,8936.68,0
C00062,2025-12-31,571,34252.49,0
C00063,2025-06-30,801,12719.24,0
C00063,2025-12-31,762,6092.65,0
C00064,2025-06-30,654,20001.12,0
C00064,2025-12-31,697,15002.1,0
C00065,2025-06-30,661,17386.13,0
C00065,2025-12-31,664,10841.9,0
C00066,2025-06-30,581,21054.13,1
C00066,2025-12-31,617,18580.83,0
C00067,2025-06-30,723,14192.07,0
C00067,2025-12-31,729,2665.73,0
C00068,2025-06-30,658,22784.8,3
C00068,2025-12-31,692,3842.17,0
C00069,2025-06-30,729,52387.7,0
C00069,2025-12-31,606,16647.02,1
C00070,2025-06-30,724,8702.27,3
C00070,2025-12-31,738,31674.79,0
C00071,2025-06-30,648,7739.13,2
C00071,2025-12-31,613,5039.16,0
C00072,2025-06-30,805,11070.37,0
C00072,2025-12-31,613,5823.26,1
C00073,2025-06-30,820,7030.67,0
C00073,2025-12-31,648,47492.55,0
C00074,2025-06-30,723,32718.7,1
C00074,2025-12-31,637,12241.95,2
C00075,2025-06-30,683,11985.95,3
C00075,2025-12-31,763,22969.76,1
C00076,2025-06-30,668,9968.1,1
C00076,2025-12-31,583,29593.19,0
C00077,2025-06-30,721,49919.57,0
C00077,2025-12-31,840,4005.51,0
C00078,2025-06-30,705,4678.83,0
C00078,2025-12-31,741,26859.59,0
C00079,2025-06-30,689,30572.28,1
C00079,2025-12-31,659,8430.92,0
C00080,2025-06-30,738,7529.6,0
C00080,2025-12-31,638,8466.77,1
C00081,2025-06-30,638,11481.55,0
C00081,2025-12-31,579,36299.54,0
C00082,2025-06-30,699,26870.19,1
C00082,2025-12-31,671,4955.98,0
C00083,2025-06-30,715,8869.57,2
C00083,2025-12-31,775,35133.15,0
C00084,2025-06-30,772,26707.24,0
C00084,2025-12-31,728,7006.64,1
C00085,2025-06-30,760,15866.11,0
C00085,2025-12-31,566,13349.48,0
C00086,2025-06-30,734,24163.36,0
C00086,2025-12-31,631,5884.71,3
C00087,2025-06-30,657,11859.83,0
C00087,2025-12-31,832,12313.65,0
C00088,2025-06-30,780,36030.27,1
C00088,2025-12-31,677,256128.97,0
C00089,2025-06-30,689,5040.57,0
C00089,2025-12-31,593,32928.77,0
C00090,2025-06-30,761,33544.78,1
C00090,2025-12-31,677,8149.41,1
C00091,2025-06-30,700,12825.1,0
C00091,2025-12-31,660,8250.44,0
C00092,2025-06-30,708,16201.18,0
C00092,2025-12-31,750,9219.83,0
C00093,2025-06-30,582,33769.27,0
C00093,2025-12-31,619,8698.26,0
C00094,2025-06-30,673,14354.8,0
C00094,2025-12-31,725,9526.6,0
C00095,2025-06-30,732,32918.81,0
C00095,2025-12-31,710,6919.5,0
C00096,2025-06-30,741,31659.18,1
C00096,2025-12-31,620,6820.75,0
C00097,2025-06-30,737,30464.67,0
C00097,2025-12-31,688,11340.4,0
C00098,2025-06-30,658,4699.12,0
C00098,2025-12-31,782,24934.33,0
C00099,2025-06-30,712,20653.3,0
C00099,2025-12-31,699,37343.0,0
C00100,2025-06-30,705,6533.74,0
C00100,2025-12-31,648,4243.04,0
C00101,2025-06-30,787,13772.95,0
C00101,2025-12-31,626,30880.54,0
C00102,2025-06-30,619,12777.68,0
C00102,2025-12-31,711,3577.11,3
C00103,2025-06-30,695,1220.02,1
C00103,2025-12-31,717,32339.81,0
C00104,2025-06-30,818,11796.17,0
C00104,2025-12-31,623,13741.26,1
C00105,2025-06-30,561,12689.42,0
C00105,2025-12-31,639,20269.58,0
C00106,2025-06-30,798,3105.49,1
C00106,2025-12-31,767,27197.92,1
C00107,2025-06-30,673,4508.88,0
C00107,2025-12-31,697,7450.69,0
C00108,2025-06-30,730,59722.89,1
C00108,2025-12-31,765,20608.17,0
C00109,2025-06-30,704,27728.27,0
C00109,2025-12-31,776,71082.35,0
C00110,2025-06-30,649,49312.37,0
C00110,2025-12-31,684,18652.56,0
C00111,2025-06-30,655,1732.45,0
C00111,2025-12-31,678,2211.88,0
C00112,2025-06-30,676,14439.28,0
C00112,2025-12-31,735,20366.13,1
C00113,2025-06-30,628,39025.42,0
C00113,2025-12-31,724,28495.86,1
C00114,2025-06-30,664,29994.6,1
C00114,2025-12-31,808,32869.05,1
C00115,2025-06-30,760,27271.12,1
C00115,2025-12-31,696,13738.62,0
C00116,2025-06-30,676,2623.54,0
C00116,2025-12-31,530,2843.83,0
C00117,2025-06-30,701,27553.98,0
C00117,2025-12-31,672,14760.43,1
C00118,2025-06-30,822,5037.69,0
C00118,2025-12-31,563,50579.45,2
C00119,2025-06-30,661,6810.36,0
C00119,2025-12-31,678,4188.3,1
C00120,2025-06-30,662,6992.76,0
C00120,2025-12-31,613,9817.67,0
C00121,2025-06-30,779,24354.23,2
C00121,2025-12-31,685,7716.87,0
C00122,2025-06-30,780,21558.59,0
C00122,2025-12-31,605,40331.61,3
C00123,2025-06-30,738,3887.87,0
C00123,2025-12-31,758,15686.78,0
C00124,2025-06-30,614,877.27,0
C00124,2025-12-31,795,18104.02,0
C00125,2025-06-30,603,18375.5,0
C00125,2025-12-31,691,93298.64,0
C00126,2025-06-30,612,23673.36,0
C00126,2025-12-31,696,28204.39,1
C00127,2025-06-30,721,4588.56,0
C00127,2025-12-31,662,12605.85,0
C00128,2025-06-30,638,4256.4,0
C00128,2025-12-31,640,22261.03,0
C00129,2025-06-30,703,61867.59,0
C00129,2025-12-31,518,128710.89,0
C00130,2025-06-30,680,8616.11,0
C00130,2025-12-31,696,12216.57,0
C00131,2025-06-30,700,11034.05,1
C00131,2025-12-31,633,7152.42,0
C00132,2025-06-30,698,15450.71,0
C00132,2025-12-31,742,27859.95,2
C00133,2025-06-30,681,18571.19,0
C00133,2025-12-31,769,48258.15,0
C00134,2025-06-30,724,20798.59,2
C00134,2025-12-31,775,16939.79,0
C00135,2025-06-30,757,30303.71,1
C00135,2025-12-31,733,8233.13,0
C00136,2025-06-30,737,49799.11,0
C00136,2025-12-31,670,20101.49,0
C00137,2025-06-30,672,7603.29,0
C00137,2025-12-31,617,11517.83,0
C00138,2025-06-30,599,2198.37,0
C00138,2025-12-31,736,3303.37,3
C00139,2025-06-30,659,2481.25,0
C00139,2025-12-31,732,5341.36,0
C00140,2025-06-30,747,5775.34,1
C00140,2025-12-31,758,6916.6,0
C00141,2025-06-30,695,8922.49,0
C00141,2025-12-31,688,6669.29,3
C00142,2025-06-30,797,29119.05,0
C00142,2025-12-31,707,3640.63,0
C00143,2025-06-30,706,30239.05,0
C00143,2025-12-31,769,69407.85,1
C00144,2025-06-30,668,21903.89,1
C00144,2025-12-31,516,17430.7,0
C00145,2025-06-30,613,7223.62,2
C00145,2025-12-31,600,12524.41,1
C00146,2025-06-30,737,29789.51,0
C00146,2025-12-31,672,13142.07,0
C00147,2025-06-30,652,28559.7,0
C00147,2025-12-31,707,16742.1,1
C00148,2025-06-30,653,6222.57,0
C00148,2025-12-31,720,17579.67,0
C00149,2025-06-30,701,45723.6,0
C00149,2025-12-31,685,156075.66,0
C00150,2025-06-30,758,21497.78,0
C00150,2025-12-31,842,11058.03,2
C00151,2025-06-30,659,36591.38,0
C00151,2025-12-31,742,3390.86,0
C00152,2025-06-30,724,7194.11,0
C00152,2025-12-31,675,6348.26,0
C00153,2025-06-30,716,45261.88,0
C00153,2025-12-31,662,19587.04,0
C00154,2025-06-30,700,69432.66,0
C00154,2025-12-31,793,143388.68,1
C00155,2025-06-30,693,22193.37,1
C00155,2025-12-31,755,10661.59,0
C00156,2025-06-30,820,11242.33,1
C00156,2025-12-31,707,10439.97,0
C00157,2025-06-30,635,7138.15,0
C00157,2025-12-31,646,2914.26,0
C00158,2025-06-30,659,21553.02,2
C00158,2025-12-31,804,17244.03,0
C00159,2025-06-30,699,2538.98,3
C00159,2025-12-31,574,25861.66,0
C00160,2025-06-30,736,13728.48,0
C00160,2025-12-31,466,7606.52,0
C00161,2025-06-30,748,50751.21,0
C00161,2025-12-31,694,36262.13,1
C00162,2025-06-30,811,3710.84,0
C00162,2025-12-31,757,29485.1,0
C00163,2025-06-30,722,51530.48,2
C00163,2025-12-31,725,33007.05,0
C00164,2025-06-30,767,40977.48,0
C00164,2025-12-31,850,17060.3,0
C00165,2025-06-30,575,6515.5,0
C00165,2025-12-31,697,19730.95,0
C00166,2025-06-30,656,15157.1,0
C00166,2025-12-31,643,4795.42,0
C00167,2025-06-30,530,5187.41,0
C00167,2025-12-31,720,13811.13,0
C00168,2025-06-30,743,2462.89,0
C00168,2025-12-31,772,18777.77,0
C00169,2025-06-30,699,8054.27,1
C00169,2025-12-31,765,21491.07,0
C00170,2025-06-30,615,7196.29,1
C00170,2025-12-31,712,8653.71,3
C00171,2025-06-30,740,11730.81,1
C00171,2025-12-31,658,1610.72,1
C00172,2025-06-30,612,8507.66,0
C00172,2025-12-31,776,43679.47,0
C00173,2025-06-30,816,24738.35,0
C00173,2025-12-31,595,39745.95,0
C00174,2025-06-30,652,27002.85,0
C00174,2025-12-31,691,19992.69,0
C00175,2025-06-30,747,8668.1,2
C00175,2025-12-31,665,5418.9,0
C00176,2025-06-30,739,8538.36,0
C00176,2025-12-31,697,12679.53,0
C00177,2025-06-30,679,57011.79,0
C00177,2025-12-31,669,15538.87,1
C00178,2025-06-30,702,15519.52,1
C00178,2025-12-31,643,11743.17,0
C00179,2025-06-30,688,875.21,0
C00179,2025-12-31,735,2168.45,0
C00180,2025-06-30,713,5401.99,0
C00180,2025-12-31,704,15095.55,0
C00181,2025-06-30,583,10774.23,2
C00181,2025-12-31,711,18391.15,0
C00182,2025-06-30,727,5367.98,0
C00182,2025-12-31,784,6707.19,0
C00183,2025-06-30,850,8594.63,0
C00183,2025-12-31,662,15460.84,0
C00184,2025-06-30,660,19494.66,0
C00184,2025-12-31,749,15251.01,0
C00185,2025-06-30,626,6928.04,0
C00185,2025-12-31,605,23005.24,0
C00186,2025-06-30,615,17030.03,0
C00186,2025-12-31,662,8629.73,0
C00187,2025-06-30,648,1444.96,0
C00187,2025-12-31,746,16260.91,1
C00188,2025-06-30,763,16844.38,0
C00188,2025-12-31,648,14844.38,0
C00189,2025-06-30,648,7831.15,0
C00189,2025-12-31,703,81897.1,0
C00190,2025-06-30,749,39190.66,0
C00190,2025-12-31,685,6357.73,0
C00191,2025-06-30,726,31422.47,0
C00191,2025-12-31,632,37970.05,0
C00192,2025-06-30,591,1774.38,0
C00192,2025-12-31,814,14036.08,0
C00193,2025-06-30,644,12614.41,0
C00193,2025-12-31,542,35191.59,0
C00194,2025-06-30,650,74084.44,1
C00194,2025-12-31,592,14742.62,0
C00195,2025-06-30,678,9046.98,3
C00195,2025-12-31,593,16212.51,2
C00196,2025-06-30,642,1904.99,0
C00196,2025-12-31,714,14311.67,0
C00197,2025-06-30,564,14458.46,0
C00197,2025-12-31,686,5699.31,0
C00198,2025-06-30,723,25361.87,0
C00198,2025-12-31,702,17434.87,0
C00199,2025-06-30,746,12810.47,3
C00199,2025-12-31,722,43474.47,0
C00200,2025-06-30,695,63207.5,1
C00200,2025-12-31,645,6366.86,1
C00201,2025-06-30,583,25360.83,0
C00201,2025-12-31,741,8885.46,1
C00202,2025-06-30,670,9584.09,0
C00202,2025-12-31,732,6470.24,0
C00203,2025-06-30,564,6857.29,1
C00203,2025-12-31,685,772.3,0
C00204,2025-06-30,599,822.58,0
C00204,2025-12-31,663,5573.94,3
C00205,2025-06-30,821,15732.45,0
C00205,2025-12-31,725,13837.32,1
C00206,2025-06-30,662,11257.48,0
C00206,2025-12-31,766,205973.27,1
C00207,2025-06-30,709,24288.11,0
C00207,2025-12-31,682,11845.24,0
C00208,2025-06-30,669,8610.57,0
C00208,2025-12-31,724,58601.29,0
C00209,2025-06-30,679,3733.35,2
C00209,2025-12-31,644,8333.86,0
C00210,2025-06-30,768,12251.39,0
C00210,2025-12-31,720,2269.6,3
C00211,2025-06-30,620,25292.86,1
C00211,2025-12-31,731,10955.94,0
C00212,2025-06-30,703,16827.53,0
C00212,2025-12-31,622,56080.44,0
C00213,2025-06-30,671,37907.7,3
C00213,2025-12-31,674,19748.88,0
C00214,2025-06-30,693,12383.18,0
C00214,2025-12-31,588,27665.89,0
C00215,2025-06-30,555,3803.81,0
C00215,2025-12-31,762,2546.28,0
C00216,2025-06-30,755,4588.85,0
C00216,2025-12-31,672,40224.55,0
C00217,2025-06-30,744,49484.6,0
C00217,2025-12-31,614,30921.32,0
C00218,2025-06-30,548,26144.6,0
C00218,2025-12-31,757,10956.97,0
C00219,2025-06-30,698,31658.5,0
C00219,2025-12-31,750,5086.07,0
C00220,2025-06-30,742,9758.92,0
C00220,2025-12-31,782,6453.1,1
C00221,2025-06-30,679,3859.61,0
C00221,2025-12-31,658,52393.94,0
C00222,2025-06-30,680,51058.41,0
C00222,2025-12-31,850,11244.77,2
C00223,2025-06-30,669,24512.97,0
C00223,2025-12-31,829,12769.59,0
C00224,2025-06-30,682,3996.53,0
C00224,2025-12-31,645,16131.23,0
C00225,2025-06-30,722,6155.89,0
C00225,2025-12-31,686,19892.6,2
C00226,2025-06-30,660,10043.8,0
C00226,2025-12-31,702,20671.03,0
C00227,2025-06-30,763,17618.36,0
C00227,2025-12-31,734,74273.16,1
C00228,2025-06-30,807,11910.55,0
C00228,2025-12-31,671,41116.76,0
C00229,2025-06-30,626,11013.51,0
C00229,2025-12-31,740,14810.14,0
C00230,2025-06-30,764,128608.13,0
C00230,2025-12-31,711,5711.48,0
C00231,2025-06-30,685,201812.02,0
C00231,2025-12-31,801,38662.66,0
C00232,2025-06-30,756,10594.38,1
C00232,2025-12-31,792,60595.1,2
C00233,2025-06-30,813,31751.56,0
C00233,2025-12-31,701,2969.17,0
C00234,2025-06-30,756,6779.6,0
C00234,2025-12-31,629,4946.14,3
C00235,2025-06-30,756,52355.62,0
C00235,2025-12-31,751,21199.62,0
C00236,2025-06-30,620,48352.14,2
C00236,2025-12-31,763,17347.48,0
C00237,2025-06-30,712,18572.01,1
C00237,2025-12-31,606,7047.82,0
C00238,2025-06-30,640,7434.89,0
C00238,2025-12-31,701,3066.96,0
C00239,2025-06-30,798,20878.29,0
C00239,2025-12-31,596,18605.94,2
C00240,2025-06-30,682,51984.37,0
C00240,2025-12-31,713,9552.52,0
C00241,2025-06-30,603,2071.28,0
C00241,2025-12-31,643,35069.3,0
C00242,2025-06-30,642,29380.39,0
C00242,2025-12-31,729,6730.96,0
C00243,2025-06-30,583,11429.78,0
C00243,2025-12-31,711,21840.81,2
C00244,2025-06-30,551,13261.79,0
C00244,2025-12-31,650,7300.02,0
C00245,2025-06-30,843,4072.0,0
C00245,2025-12-31,598,47931.1,0
C00246,2025-06-30,589,28391.19,0
C00246,2025-12-31,743,3938.09,0
C00247,2025-06-30,607,3498.96,0
C00247,2025-12-31,687,11968.18,1
C00248,2025-06-30,673,11357.15,0
C00248,2025-12-31,828,14220.46,0
C00249,2025-06-30,725,4311.74,0
C00249,2025-12-31,751,15209.51,0
C00250,2025-06-30,660,21930.36,0
C00250,2025-12-31,716,8514.28,0
C00251,2025-06-30,652,54100.33,0
C00251,2025-12-31,743,14887.94,1
C00252,2025-06-30,636,2300.44,2
C00252,2025-12-31,659,12319.22,0
C00253,2025-06-30,562,15056.49,0
C00253,2025-12-31,619,36897.92,0
C00254,2025-06-30,802,11216.27,0
C00254,2025-12-31,671,86604.79,1
C00255,2025-06-30,638,3901.28,0
C00255,2025-12-31,527,15680.32,0
C00256,2025-06-30,777,37208.01,0
C00256,2025-12-31,758,16543.82,1
C00257,2025-06-30,592,7585.24,0
C00257,2025-12-31,713,49016.17,0
C00258,2025-06-30,724,37694.64,0
C00258,2025-12-31,608,4889.15,0
C00259,2025-06-30,725,24395.86,0
C00259,2025-12-31,721,26311.54,1
C00260,2025-06-30,634,4651.94,1
C00260,2025-12-31,599,28654.0,3
C00261,2025-06-30,647,3097.05,0
C00261,2025-12-31,620,15049.09,1
C00262,2025-06-30,577,4082.41,1
C00262,2025-12-31,616,8309.05,0
C00263,2025-06-30,675,11764.07,0
C00263,2025-12-31,645,185282.25,0
C00264,2025-06-30,825,14113.58,1
C00264,2025-12-31,675,7063.19,0
C00265,2025-06-30,665,12272.81,1
C00265,2025-12-31,811,167560.31,0
C00266,2025-06-30,601,31391.89,2
C00266,2025-12-31,804,4968.55,0
C00267,2025-06-30,714,2772.59,0
C00267,2025-12-31,704,23865.3,0
C00268,2025-06-30,657,6800.58,0
C00268,2025-12-31,621,2249.42,1
C00269,2025-06-30,667,7674.73,0
C00269,2025-12-31,665,31767.82,2
C00270,2025-06-30,751,13704.63,0
C00270,2025-12-31,661,18589.19,0
C00271,2025-06-30,658,24799.15,1
C00271,2025-12-31,664,28607.22,1
C00272,2025-06-30,668,77163.95,0
C00272,2025-12-31,808,23277.06,0
C00273,2025-06-30,773,4761.42,0
C00273,2025-12-31,760,5891.15,0
C00274,2025-06-30,699,32546.62,0
C00274,2025-12-31,581,66970.34,2
C00275,2025-06-30,674,8850.11,0
C00275,2025-12-31,650,14764.39,1
C00276,2025-06-30,714,32584.78,1
C00276,2025-12-31,650,34343.48,0
C00277,2025-06-30,703,11183.67,0
C00277,2025-12-31,695,146330.33,0
C00278,2025-06-30,771,1788.26,0
C00278,2025-12-31,728,5235.36,0
C00279,2025-06-30,748,26552.79,1
C00279,2025-12-31,840,5934.28,0
C00280,2025-06-30,623,91935.61,1
C00280,2025-12-31,748,19345.9,0
C00281,2025-06-30,688,21975.69,0
C00281,2025-12-31,768,6773.39,0
C00282,2025-06-30,660,35970.5,0
C00282,2025-12-31,734,15793.42,0
C00283,2025-06-30,694,100723.12,0
C00283,2025-12-31,614,17711.0,0
C00284,2025-06-30,705,9463.61,0
C00284,2025-12-31,599,8886.33,0
C00285,2025-06-30,729,5198.06,1
C00285,2025-12-31,549,36935.48,0
C00286,2025-06-30,660,36129.86,0
C00286,2025-12-31,741,2550.86,1
C00287,2025-06-30,607,9613.99,0
C00287,2025-12-31,692,5844.1,0
C00288,2025-06-30,733,6453.87,2
C00288,2025-12-31,599,54894.52,0
C00289,2025-06-30,741,11636.18,0
C00289,2025-12-31,574,36433.04,2
C00290,2025-06-30,627,40582.48,3
C00290,2025-12-31,711,54008.75,0
C00291,2025-06-30,693,27127.4,0
C00291,2025-12-31,724,5045.88,0
C00292,2025-06-30,791,28695.85,0
C00292,2025-12-31,784,9548.46,1
C00293,2025-06-30,701,1657.77,1
C00293,2025-12-31,656,6467.58,0
C00294,2025-06-30,798,18198.02,0
C00294,2025-12-31,574,5016.3,0
C00295,2025-06-30,782,53661.05,0
C00295,2025-12-31,638,17628.31,0
C00296,2025-06-30,732,9301.37,0
C00296,2025-12-31,758,20363.65,1
C00297,2025-06-30,588,8395.59,0
C00297,2025-12-31,728,40411.69,3
C00298,2025-06-30,679,11114.11,0
C00298,2025-12-31,691,13934.61,0
C00299,2025-06-30,679,98793.21,0
C00299,2025-12-31,673,5204.67,0
C00300,2025-06-30,733,7025.22,0
C00300,2025-12-31,606,102590.28,0
C00301,2025-06-30,743,34292.41,0
C00301,2025-12-31,566,17359.72,0
C00302,2025-06-30,676,13457.28,0
C00302,2025-12-31,640,16548.31,3
C00303,2025-06-30,799,15131.09,0
C00303,2025-12-31,795,19010.25,0
C00304,2025-06-30,649,15047.92,0
C00304,2025-12-31,643,61763.16,0
C00305,2025-06-30,719,9401.27,0
C00305,2025-12-31,749,23319.26,0
C00306,2025-06-30,646,6011.75,0
C00306,2025-12-31,619,48621.02,0
C00307,2025-06-30,618,44889.44,1
C00307,2025-12-31,738,12245.81,0
C00308,2025-06-30,709,2647.94,1
C00308,2025-12-31,672,18273.71,0
C00309,2025-06-30,707,29958.44,0
C00309,2025-12-31,822,13033.8,1
C00310,2025-06-30,700,42117.81,1
C00310,2025-12-31,809,10447.45,0
C00311,2025-06-30,671,31049.09,0
C00311,2025-12-31,645,25647.62,0
C00312,2025-06-30,709,1078.01,1
C00312,2025-12-31,679,12530.77,0
C00313,2025-06-30,618,12684.54,0
C00313,2025-12-31,644,28540.94,1
C00314,2025-06-30,649,9289.81,0
C00314,2025-12-31,609,67280.71,2
C00315,2025-06-30,786,13761.75,0
C00315,2025-12-31,762,4444.69,0
C00316,2025-06-30,755,2451.25,3
C00316,2025-12-31,681,1622.37,0
C00317,2025-06-30,726,6856.58,0
C00317,2025-12-31,734,4616.25,0
C00318,2025-06-30,663,87899.61,0
C00318,2025-12-31,757,13533.68,0
C00319,2025-06-30,778,30429.22,0
C00319,2025-12-31,689,6438.09,2
C00320,2025-06-30,741,3734.47,0
C00320,2025-12-31,640,8551.47,0
C00321,2025-06-30,697,3182.76,0
C00321,2025-12-31,808,18329.09,0
C00322,2025-06-30,614,115812.09,0
C00322,2025-12-31,775,9699.91,0
C00323,2025-06-30,742,2419.13,0
C00323,2025-12-31,699,25800.7,2
C00324,2025-06-30,586,3031.87,0
C00324,2025-12-31,708,9676.37,0
C00325,2025-06-30,742,45211.59,0
C00325,2025-12-31,620,5317.9,3
C00326,2025-06-30,732,2346.82,1
C00326,2025-12-31,653,59712.98,0
C00327,2025-06-30,657,4930.02,0
C00327,2025-12-31,735,16002.68,0
C00328,2025-06-30,691,54395.46,0
C00328,2025-12-31,774,18935.94,1
C00329,2025-06-30,711,6489.49,0
C00329,2025-12-31,693,73982.45,0
C00330,2025-06-30,736,7474.81,0
C00330,2025-12-31,577,34448.64,0
C00331,2025-06-30,613,5170.34,0
C00331,2025-12-31,707,6681.37,1
C00332,2025-06-30,744,11870.71,0
C00332,2025-12-31,673,17678.61,0
C00333,2025-06-30,689,4010.5,0
C00333,2025-12-31,625,5926.49,1
C00334,2025-06-30,684,9047.22,0
C00334,2025-12-31,659,30455.15,0
C00335,2025-06-30,734,21962.24,0
C00335,2025-12-31,746,6891.83,1
C00336,2025-06-30,672,3611.6,0
C00336,2025-12-31,697,6976.54,1
C00337,2025-06-30,748,13184.53,1
C00337,2025-12-31,632,13928.76,1
C00338,2025-06-30,668,59542.58,0
C00338,2025-12-31,687,3702.26,1
C00339,2025-06-30,786,3323.21,0
C00339,2025-12-31,765,12391.65,0
C00340,2025-06-30,599,9518.46,0
C00340,2025-12-31,629,59864.17,0
C00341,2025-06-30,681,5763.66,0
C00341,2025-12-31,680,5036.05,0
C00342,2025-06-30,793,20515.34,0
C00342,2025-12-31,677,61608.08,0
C00343,2025-06-30,722,4861.19,0
C00343,2025-12-31,702,9307.22,0
C00344,2025-06-30,745,16872.65,0
C00344,2025-12-31,739,4375.3,0
C00345,2025-06-30,742,59851.26,0
C00345,2025-12-31,663,30203.53,1
C00346,2025-06-30,655,3170.47,0
C00346,2025-12-31,695,23104.8,0
C00347,2025-06-30,660,84457.15,0
C00347,2025-12-31,667,9381.64,2
C00348,2025-06-30,723,28759.01,0
C00348,2025-12-31,717,11927.29,0
C00349,2025-06-30,686,12592.05,0
C00349,2025-12-31,753,12503.02,0
C00350,2025-06-30,668,1827.8,0
C00350,2025-12-31,732,10400.51,0
C00351,2025-06-30,613,10625.18,1
C00351,2025-12-31,731,2335.65,1
C00352,2025-06-30,549,19482.36,0
C00352,2025-12-31,591,7373.46,0
C00353,2025-06-30,708,83696.64,1
C00353,2025-12-31,564,28902.04,0
C00354,2025-06-30,729,20473.77,0
C00354,2025-12-31,800,16694.71,0
C00355,2025-06-30,828,20053.49,0
C00355,2025-12-31,672,5515.03,0
C00356,2025-06-30,671,22095.83,0
C00356,2025-12-31,612,17104.75,0
C00357,2025-06-30,685,6514.64,0
C00357,2025-12-31,773,3108.06,1
C00358,2025-06-30,701,11310.02,2
C00358,2025-12-31,650,67181.05,0
C00359,2025-06-30,769,6070.09,0
C00359,2025-12-31,732,21288.58,0
C00360,2025-06-30,705,4560.43,1
C00360,2025-12-31,719,12938.95,0
C00361,2025-06-30,701,2525.49,0
C00361,2025-12-31,631,38146.64,0
C00362,2025-06-30,725,4262.04,0
C00362,2025-12-31,751,6580.39,1
C00363,2025-06-30,584,15487.19,1
C00363,2025-12-31,761,14420.24,1
C00364,2025-06-30,551,5895.75,0
C00364,2025-12-31,729,8429.2,2
C00365,2025-06-30,751,55052.12,0
C00365,2025-12-31,716,38848.6,0
C00366,2025-06-30,652,95199.64,0
C00366,2025-12-31,592,6252.72,0
C00367,2025-06-30,513,39264.89,0
C00367,2025-12-31,730,42850.5,0
C00368,2025-06-30,616,6411.86,1
C00368,2025-12-31,670,32733.98,0
C00369,2025-06-30,632,715.83,0
C00369,2025-12-31,662,29305.19,0
C00370,2025-06-30,729,8876.95,1
C00370,2025-12-31,669,7660.21,1
C00371,2025-06-30,648,11867.1,1
C00371,2025-12-31,719,27387.12,0
C00372,2025-06-30,687,13693.96,1
C00372,2025-12-31,686,11197.27,0
C00373,2025-06-30,751,24618.91,0
C00373,2025-12-31,752,13570.99,0
C00374,2025-06-30,750,43638.83,0
C00374,2025-12-31,642,121006.13,0
C00375,2025-06-30,614,13074.41,0
C00375,2025-12-31,704,4502.88,1
C00376,2025-06-30,730,119444.56,0
C00376,2025-12-31,790,3316.78,1
C00377,2025-06-30,644,17604.9,0
C00377,2025-12-31,679,55387.69,2
C00378,2025-06-30,682,13889.54,2
C00378,2025-12-31,630,9822.3,0
C00379,2025-06-30,744,6663.75,2
C00379,2025-12-31,694,9511.32,0
C00380,2025-06-30,584,9842.33,1
C00380,2025-12-31,616,59806.58,0
C00381,2025-06-30,802,42195.17,0
C00381,2025-12-31,601,6432.46,0
C00382,2025-06-30,722,8716.43,0
C00382,2025-12-31,601,13079.69,0
C00383,2025-06-30,850,23521.78,0
C00383,2025-12-31,710,21060.77,1
C00384,2025-06-30,737,5402.59,3
C00384,2025-12-31,677,14766.13,1
C00385,2025-06-30,657,9820.89,0
C00385,2025-12-31,754,18256.25,2
C00386,2025-06-30,737,24035.28,3
C00386,2025-12-31,624,6744.68,0
C00387,2025-06-30,709,16068.2,1
C00387,2025-12-31,719,40890.21,0
C00388,2025-06-30,705,8220.75,1
C00388,2025-12-31,621,122061.62,0
C00389,2025-06-30,758,23889.03,0
C00389,2025-12-31,633,28102.72,0
C00390,2025-06-30,666,5568.18,0
C00390,2025-12-31,789,13275.24,0
C00391,2025-06-30,795,17407.37,0
C00391,2025-12-31,850,5238.46,0
C00392,2025-06-30,671,18673.87,0
C00392,2025-12-31,770,8707.7,0
C00393,2025-06-30,718,6456.92,0
C00393,2025-12-31,793,18950.87,0
C00394,2025-06-30,841,25169.31,0
C00394,2025-12-31,699,10655.46,0
C00395,2025-06-30,615,6492.36,1
C00395,2025-12-31,712,7925.54,0
C00396,2025-06-30,748,8375.02,1
C00396,2025-12-31,556,5762.66,2
C00397,2025-06-30,693,7521.39,0
C00397,2025-12-31,544,23306.13,0
C00398,2025-06-30,610,18670.22,0
C00398,2025-12-31,724,4105.38,0
C00399,2025-06-30,686,10437.51,0
C00399,2025-12-31,586,4161.01,0
C00400,2025-06-30,758,5710.84,0
C00400,2025-12-31,582,8137.7,0
C00401,2025-06-30,591,8288.88,0
C00401,2025-12-31,692,6863.01,0
C00402,2025-06-30,730,5441.28,0
C00402,2025-12-31,750,4136.39,0
C00403,2025-06-30,687,2307.86,1
C00403,2025-12-31,763,13459.26,2
C00404,2025-06-30,689,70108.89,1
C00404,2025-12-31,632,4945.69,0
C00405,2025-06-30,729,12779.96,3
C00405,2025-12-31,764,20975.84,0
C00406,2025-06-30,825,33318.31,0
C00406,2025-12-31,602,4404.85,0
C00407,2025-06-30,629,63541.48,0
C00407,2025-12-31,649,7932.06,0
C00408,2025-06-30,644,9263.2,0
C00408,2025-12-31,730,109198.0,2
C00409,2025-06-30,798,52731.44,0
C00409,2025-12-31,694,1995.54,0
C00410,2025-06-30,816,31214.09,0
C00410,2025-12-31,743,14989.34,2
C00411,2025-06-30,732,18991.94,0
C00411,2025-12-31,687,10805.43,0
C00412,2025-06-30,602,11551.97,2
C00412,2025-12-31,630,18698.04,0
C00413,2025-06-30,658,70156.13,0
C00413,2025-12-31,696,6526.46,0
C00414,2025-06-30,735,7998.02,0
C00414,2025-12-31,719,20782.48,0
C00415,2025-06-30,645,1839.4,0
C00415,2025-12-31,709,6199.59,0
C00416,2025-06-30,716,8155.37,0
C00416,2025-12-31,702,5066.43,0
C00417,2025-06-30,634,56462.17,0
C00417,2025-12-31,695,5961.24,0
C00418,2025-06-30,671,4445.04,0
C00418,2025-12-31,698,27774.71,0
C00419,2025-06-30,614,21428.15,1
C00419,2025-12-31,775,8007.12,0
C00420,2025-06-30,641,18721.95,0
C00420,2025-12-31,651,40715.21,0
C00421,2025-06-30,737,4428.88,0
C00421,2025-12-31,742,36603.24,3
C00422,2025-06-30,605,129375.85,0
C00422,2025-12-31,836,36259.23,2
C00423,2025-06-30,666,12452.98,1
C00423,2025-12-31,692,10743.05,0
C00424,2025-06-30,523,2903.68,0
C00424,2025-12-31,757,8140.32,1
C00425,2025-06-30,711,31033.05,0
C00425,2025-12-31,691,4199.78,0
C00426,2025-06-30,680,6796.95,0
C00426,2025-12-31,643,27963.69,0
C00427,2025-06-30,721,25527.9,0
C00427,2025-12-31,655,32109.97,0
C00428,2025-06-30,632,9194.12,1
C00428,2025-12-31,782,9718.61,0
C00429,2025-06-30,803,5244.81,2
C00429,2025-12-31,604,9615.33,0
C00430,2025-06-30,666,3912.15,0
C00430,2025-12-31,785,30185.96,0
C00431,2025-06-30,785,3473.15,0
C00431,2025-12-31,714,64897.42,1
C00432,2025-06-30,716,18239.77,1
C00432,2025-12-31,548,12877.05,0
C00433,2025-06-30,795,25711.23,0
C00433,2025-12-31,723,10861.31,0
C00434,2025-06-30,663,5184.53,0
C00434,2025-12-31,785,43172.48,0
C00435,2025-06-30,594,165177.51,0
C00435,2025-12-31,765,9435.63,1
C00436,2025-06-30,723,26319.96,1
C00436,2025-12-31,674,48833.29,0
C00437,2025-06-30,728,8815.78,0
C00437,2025-12-31,685,66881.83,0
C00438,2025-06-30,735,6528.65,0
C00438,2025-12-31,718,25228.58,1
C00439,2025-06-30,703,81532.56,0
C00439,2025-12-31,714,43510.4,0
C00440,2025-06-30,767,13066.72,3
C00440,2025-12-31,653,7170.86,0
C00441,2025-06-30,578,3452.73,0
C00441,2025-12-31,601,6833.57,0
C00442,2025-06-30,620,10884.53,0
C00442,2025-12-31,677,35189.4,0
C00443,2025-06-30,649,29497.05,0
C00443,2025-12-31,787,8861.79,0
C00444,2025-06-30,740,13239.48,3
C00444,2025-12-31,693,987.47,0
C00445,2025-06-30,786,15425.75,0
C00445,2025-12-31,754,3118.5,3
C00446,2025-06-30,655,32046.6,0
C00446,2025-12-31,708,9843.75,0
C00447,2025-06-30,755,60189.8,1
C00447,2025-12-31,635,8515.71,2
C00448,2025-06-30,645,14491.9,0
C00448,2025-12-31,671,4568.92,0
C00449,2025-06-30,599,22275.35,0
C00449,2025-12-31,665,16494.31,3
C00450,2025-06-30,725,28733.16,0
C00450,2025-12-31,695,24799.98,0
C00451,2025-06-30,724,12395.06,0
C00451,2025-12-31,756,5263.6,0
C00452,2025-06-30,732,18778.21,0
C00452,2025-12-31,619,31435.83,0
C00453,2025-06-30,716,29014.39,2
C00453,2025-12-31,605,2447.32,1
C00454,2025-06-30,797,9719.22,0
C00454,2025-12-31,786,3572.96,1
C00455,2025-06-30,660,1177.54,1
C00455,2025-12-31,687,16309.52,0
C00456,2025-06-30,754,22934.31,0
C00456,2025-12-31,802,7043.65,0
C00457,2025-06-30,725,16481.58,0
C00457,2025-12-31,753,4672.08,0
C00458,2025-06-30,600,67787.56,0
C00458,2025-12-31,582,62842.99,0
C00459,2025-06-30,754,13622.42,1
C00459,2025-12-31,665,32965.97,2
C00460,2025-06-30,712,16358.53,1
C00460,2025-12-31,785,189406.23,2
C00461,2025-06-30,594,4542.04,0
C00461,2025-12-31,834,18849.26,1
C00462,2025-06-30,701,88784.94,0
C00462,2025-12-31,689,28066.16,0
C00463,2025-06-30,765,13987.1,0
C00463,2025-12-31,737,5200.57,0
C00464,2025-06-30,799,9645.26,3
C00464,2025-12-31,678,5401.24,0
C00465,2025-06-30,634,5923.35,0
C00465,2025-12-31,603,23941.39,0
C00466,2025-06-30,734,13292.71,0
C00466,2025-12-31,783,6142.37,0
C00467,2025-06-30,773,12666.63,0
C00467,2025-12-31,739,27398.61,0
C00468,2025-06-30,666,70680.57,0
C00468,2025-12-31,750,7665.25,2
C00469,2025-06-30,550,58721.35,0
C00469,2025-12-31,638,82993.62,0
C00470,2025-06-30,654,5840.62,0
C00470,2025-12-31,781,13494.26,0
C00471,2025-06-30,665,24058.81,0
C00471,2025-12-31,850,15871.83,1
C00472,2025-06-30,749,26752.13,0
C00472,2025-12-31,720,17515.86,0
C00473,2025-06-30,637,695.05,0
C00473,2025-12-31,709,61782.53,0
C00474,2025-06-30,654,14205.44,0
C00474,2025-12-31,612,20798.39,0
C00475,2025-06-30,796,9737.68,0
C00475,2025-12-31,766,84057.49,0
C00476,2025-06-30,692,18415.39,0
C00476,2025-12-31,679,17688.0,0
C00477,2025-06-30,729,10610.42,1
C00477,2025-12-31,629,9379.41,0
C00478,2025-06-30,714,7051.7,0
C00478,2025-12-31,698,577.51,0
C00479,2025-06-30,576,20644.19,0
C00479,2025-12-31,679,9934.6,0
C00480,2025-06-30,565,13124.06,0
C00480,2025-12-31,628,6864.45,0
C00481,2025-06-30,701,42102.23,0
C00481,2025-12-31,620,10655.46,0
C00482,2025-06-30,636,14923.3,2
C00482,2025-12-31,653,22397.32,0
C00483,2025-06-30,589,2336.76,0
C00483,2025-12-31,760,22158.84,0
C00484,2025-06-30,657,31031.52,0
C00484,2025-12-31,717,5985.63,1
C00485,2025-06-30,672,11947.5,0
C00485,2025-12-31,698,12634.95,1
C00486,2025-06-30,674,167080.23,0
C00486,2025-12-31,648,8356.35,0
C00487,2025-06-30,686,24416.7,0
C00487,2025-12-31,805,11049.3,1
C00488,2025-06-30,660,7997.14,0
C00488,2025-12-31,665,20987.89,0
C00489,2025-06-30,789,23757.83,0
C00489,2025-12-31,772,4424.52,1
C00490,2025-06-30,697,22906.65,0
C00490,2025-12-31,750,20319.68,0
C00491,2025-06-30,795,17121.13,0
C00491,2025-12-31,625,4652.4,0
C00492,2025-06-30,749,20690.1,0
C00492,2025-12-31,829,15776.0,0
C00493,2025-06-30,555,11473.73,0
C00493,2025-12-31,733,27222.03,0
C00494,2025-06-30,729,10023.23,0
C00494,2025-12-31,550,22741.99,3
C00495,2025-06-30,522,68275.76,0
C00495,2025-12-31,584,12705.35,1
C00496,2025-06-30,646,36177.4,0
C00496,2025-12-31,706,73429.66,0
C00497,2025-06-30,720,4758.16,1
C00497,2025-12-31,597,3636.39,0
C00498,2025-06-30,685,48689.25,0
C00498,2025-12-31,791,21808.57,1
C00499,2025-06-30,538,7682.37,2
C00499,2025-12-31,499,6643.76,3
C00500,2025-06-30,675,11398.49,0
C00500,2025-12-31,693,55079.85,3
