customer_id,first_name,last_name,email,state,signup_date,segment
C00001,Emma,Smith,emma.smith1@example.com,FL,2024-09-07,Retail
C00002,Olivia,Garcia,olivia.garcia2@example.com,NC,2024-03-30,Student
C00003,Arjun,Johnson,arjun.johnson3@example.com,IL,2024-04-05,Retail
C00004,Ethan,Moore,ethan.moore4@example.com,AZ,2024-01-28,Student
C00005,Sophia,Singh,sophia.singh5@example.com,GA,2024-08-13,Premium
C00006,Mei,Reddy,mei.reddy6@example.com,IL,2024-06-12,Premium
C00007,Aria,Reddy,aria.reddy7@example.com,CA,2024-08-08,Retail
C00008,Emma,Patel,emma.patel8@example.com,GA,2024-04-09,Retail
C00009,Ravi,Young,ravi.young9@example.com,FL,2024-02-14,Premium
C00010,Chen,Garcia,chen.garcia10@example.com,GA,2024-03-21,Student
C00011,Lucas,Young,lucas.young11@example.com,WA,2024-07-15,Retail
C00012,Liam,Lee,liam.lee12@example.com,FL,2024-03-22,Retail
C00013,Emma,Martin,emma.martin13@example.com,FL,2025-04-09,Retail
C00014,Mason,Khan,mason.khan14@example.com,WA,2024-08-02,Retail
C00015,Noah,Young,noah.young15@example.com,CA,2025-06-30,Retail
C00016,Mason,Rao,mason.rao16@example.com,GA,2024-10-03,Student
C00017,Ethan,Wilson,ethan.wilson17@example.com,IL,2024-08-22,Retail
C00018,Aria,Martin,aria.martin18@example.com,FL,2024-03-08,Retail
C00019,Mei,Wilson,mei.wilson19@example.com,NY,2025-05-26,Premium
C00020,Meera,Kim,meera.kim20@example.com,FL,2024-05-22,Retail
C00021,Chen,Singh,chen.singh21@example.com,FL,2025-03-14,Student
C00022,Priya,Khan,priya.khan22@example.com,NY,2024-05-21,Student
C00023,Diego,Patel,diego.patel23@example.com,IL,2024-04-22,Retail
C00024,Mason,Clark,mason.clark24@example.com,AZ,2024-03-06,Premium
C00025,Priya,Young,priya.young25@example.com,OH,2025-06-25,Retail
C00026,Chen,Smith,chen.smith26@example.com,TX,2024-09-30,Retail
C00027,Emma,Lopez,emma.lopez27@example.com,GA,2024-06-10,Premium
C00028,Ava,Reddy,ava.reddy28@example.com,NC,2024-07-01,Student
C00029,Emma,Lopez,emma.lopez29@example.com,NC,2024-07-22,Retail
C00030,Ravi,Nguyen,ravi.nguyen30@example.com,NC,2025-06-27,Retail
C00031,Omar,Wilson,omar.wilson31@example.com,OH,2024-01-20,Retail
C00032,Ravi,Lopez,ravi.lopez32@example.com,NY,2024-02-29,Retail
C00033,Mei,Patel,mei.patel33@example.com,TX,2025-05-12,Retail
C00034,Chen,Kim,chen.kim34@example.com,CA,2025-05-01,Student
C00035,Mason,Reddy,mason.reddy35@example.com,NC,2025-03-09,Retail
C00036,Chen,Brown,chen.brown36@example.com,FL,2025-02-12,Retail
C00037,Meera,Moore,meera.moore37@example.com,OH,2024-05-03,Retail
C00038,Ethan,Patel,ethan.patel38@example.com,WA,2024-01-22,Student
C00039,Chen,Lee,chen.lee39@example.com,AZ,2024-08-13,Retail
C00040,Noah,Johnson,noah.johnson40@example.com,NY,2024-03-10,Retail
C00041,Aria,Patel,aria.patel41@example.com,NC,2024-08-31,Retail
C00042,Diego,Brown,diego.brown42@example.com,NC,2024-05-15,Student
C00043,Mei,Davis,mei.davis43@example.com,NY,2025-04-29,Premium
C00044,Sophia,Garcia,sophia.garcia44@example.com,TX,2025-03-17,Retail
C00045,Arjun,Clark,arjun.clark45@example.com,OH,2024-02-25,Retail
C00046,Liam,Martin,liam.martin46@example.com,WA,2024-04-21,Retail
C00047,Sophia,Brown,sophia.brown47@example.com,NC,2025-04-04,Retail
C00048,Arjun,Nguyen,arjun.nguyen48@example.com,FL,2025-04-18,Retail
C00049,Noah,Rao,noah.rao49@example.com,NC,2024-04-10,Retail
C00050,Chen,Smith,chen.smith50@example.com,TX,2024-08-30,Retail
C00051,Arjun,Davis,arjun.davis51@example.com,OH,2024-08-06,Premium
C00052,Liam,Nguyen,liam.nguyen52@example.com,GA,2024-01-03,Premium
C00053,Mia,Rao,mia.rao53@example.com,FL,2025-03-09,Student
C00054,Diego,Kim,diego.kim54@example.com,NY,2024-10-30,Retail
C00055,Liam,Hall,liam.hall55@example.com,NC,2024-03-03,Retail
C00056,Liam,Johnson,liam.johnson56@example.com,AZ,2025-05-03,Student
C00057,Sofia,Nguyen,sofia.nguyen57@example.com,IL,2025-06-04,Retail
C00058,Mason,Patel,mason.patel58@example.com,AZ,2024-03-10,Retail
C00059,Priya,Garcia,priya.garcia59@example.com,AZ,2024-09-09,Student
C00060,Omar,Johnson,omar.johnson60@example.com,AZ,2024-03-24,Premium
C00061,Mei,Hall,mei.hall61@example.com,NC,2024-11-19,Retail
C00062,Sophia,Wilson,sophia.wilson62@example.com,NY,2024-09-28,Premium
C00063,Olivia,Lopez,olivia.lopez63@example.com,OH,2024-11-19,Retail
C00064,Ava,Rao,ava.rao64@example.com,AZ,2024-04-12,Retail
C00065,Chen,Brown,chen.brown65@example.com,NC,2024-09-28,Retail
C00066,Ravi,Patel,ravi.patel66@example.com,NY,2025-01-13,Retail
C00067,Mason,Rao,mason.rao67@example.com,NC,2024-11-05,Student
C00068,Sofia,Smith,sofia.smith68@example.com,NC,2024-11-02,Retail
C00069,Olivia,Reddy,olivia.reddy69@example.com,TX,2024-04-19,Student
C00070,Olivia,Reddy,olivia.reddy70@example.com,FL,2024-08-03,Retail
C00071,Sophia,Reddy,sophia.reddy71@example.com,NC,2025-05-15,Retail
C00072,Liam,Patel,liam.patel72@example.com,GA,2024-10-10,Retail
C00073,Ava,Wilson,ava.wilson73@example.com,CA,2024-09-25,Retail
C00074,Meera,Singh,meera.singh74@example.com,GA,2024-01-10,Retail
C00075,Noah,Kim,noah.kim75@example.com,NC,2024-02-06,Retail
C00076,Mei,Singh,mei.singh76@example.com,CA,2025-03-16,Retail
C00077,Liam,Lopez,liam.lopez77@example.com,WA,2024-02-10,Retail
C00078,Sophia,Lee,sophia.lee78@example.com,TX,2024-12-28,Student
C00079,Arjun,Young,arjun.young79@example.com,CA,2024-08-30,Retail
C00080,Mason,Clark,mason.clark80@example.com,IL,2024-07-02,Retail
C00081,Arjun,Lee,arjun.lee81@example.com,FL,2024-06-12,Retail
C00082,Priya,Johnson,priya.johnson82@example.com,OH,2024-08-15,Retail
C00083,Meera,Khan,meera.khan83@example.com,FL,2024-08-21,Retail
C00084,Ava,Brown,ava.brown84@example.com,GA,2024-12-02,Retail
C00085,Noah,Reddy,noah.reddy85@example.com,WA,2025-06-05,Premium
C00086,Chen,Wilson,chen.wilson86@example.com,IL,2024-04-28,Retail
C00087,Mason,Hall,mason.hall87@example.com,FL,2024-02-09,Retail
C00088,Omar,Clark,omar.clark88@example.com,WA,2024-11-17,Premium
C00089,Omar,Moore,omar.moore89@example.com,TX,2025-01-29,Student
C00090,Sophia,Reddy,sophia.reddy90@example.com,IL,2025-03-22,Retail
C00091,Sofia,Singh,sofia.singh91@example.com,NY,2025-01-07,Premium
C00092,Noah,Wilson,noah.wilson92@example.com,AZ,2024-11-17,Retail
C00093,Lucas,Moore,lucas.moore93@example.com,FL,2025-02-22,Retail
C00094,Priya,Lopez,priya.lopez94@example.com,NC,2024-05-10,Retail
C00095,Arjun,Martin,arjun.martin95@example.com,CA,2024-11-04,Premium
C00096,Chen,Smith,chen.smith96@example.com,FL,2024-10-20,Retail
C00097,Arjun,Hall,arjun.hall97@example.com,AZ,2024-11-25,Premium
C00098,Meera,Rao,meera.rao98@example.com,NY,2025-06-07,Premium
C00099,Mason,Patel,mason.patel99@example.com,FL,2025-06-11,Student
C00100,Aria,Patel,aria.patel100@example.com,NY,2024-11-13,Retail
C00101,Sophia,Kim,sophia.kim101@example.com,IL,2024-02-17,Retail
C00102,Diego,Young,diego.young102@example.com,TX,2025-04-11,Premium
C00103,Mei,Brown,mei.brown103@example.com,GA,2025-05-21,Premium
C00104,Ethan,Kim,ethan.kim104@example.com,IL,2024-04-19,Premium
C00105,Ethan,Nguyen,ethan.nguyen105@example.com,NC,2025-04-20,Retail
C00106,Chen,Lee,chen.lee106@example.com,TX,2025-04-12,Retail
C00107,Meera,Moore,meera.moore107@example.com,NC,2024-11-20,Premium
C00108,Omar,Moore,omar.moore108@example.com,GA,2025-04-01,Retail
C00109,Diego,Rao,diego.rao109@example.com,FL,2024-09-10,Retail
C00110,Sofia,Davis,sofia.davis110@example.com,NY,2024-10-08,Premium
C00111,Noah,Lopez,noah.lopez111@example.com,NY,2024-10-05,Retail
C00112,Aria,Singh,aria.singh112@example.com,TX,2024-05-21,Retail
C00113,Ethan,Martin,ethan.martin113@example.com,CA,2024-08-07,Retail
C00114,Arjun,Clark,arjun.clark114@example.com,WA,2025-04-22,Premium
C00115,Liam,Brown,liam.brown115@example.com,GA,2025-02-02,Student
C00116,Ava,Hall,ava.hall116@example.com,GA,2025-05-03,Retail
C00117,Ravi,Lopez,ravi.lopez117@example.com,GA,2025-03-05,Student
C00118,Chen,Young,chen.young118@example.com,NY,2025-05-14,Retail
C00119,Mia,Clark,mia.clark119@example.com,OH,2024-01-30,Premium
C00120,Aria,Martin,aria.martin120@example.com,CA,2025-04-23,Retail
C00121,Omar,Singh,omar.singh121@example.com,IL,2025-02-07,Student
C00122,Mei,Smith,mei.smith122@example.com,TX,2025-03-14,Retail
C00123,Meera,Nguyen,meera.nguyen123@example.com,IL,2024-09-23,Premium
C00124,Aria,Brown,aria.brown124@example.com,OH,2024-11-30,Retail
C00125,Priya,Reddy,priya.reddy125@example.com,GA,2024-09-15,Retail
C00126,Diego,Smith,diego.smith126@example.com,NC,2024-02-23,Retail
C00127,Ethan,Patel,ethan.patel127@example.com,IL,2024-02-01,Retail
C00128,Sophia,Smith,sophia.smith128@example.com,AZ,2024-06-05,Retail
C00129,Olivia,Davis,olivia.davis129@example.com,TX,2024-08-11,Premium
C00130,Mia,Khan,mia.khan130@example.com,CA,2024-04-27,Retail
C00131,Lucas,Garcia,lucas.garcia131@example.com,AZ,2024-01-27,Retail
C00132,Mei,Martin,mei.martin132@example.com,GA,2024-07-22,Retail
C00133,Mei,Lee,mei.lee133@example.com,TX,2024-11-04,Student
C00134,Emma,Hall,emma.hall134@example.com,IL,2024-12-21,Student
C00135,Arjun,Khan,arjun.khan135@example.com,TX,2025-06-02,Retail
C00136,Ava,Clark,ava.clark136@example.com,OH,2024-04-18,Premium
C00137,Ravi,Rao,ravi.rao137@example.com,CA,2025-03-21,Retail
C00138,Sofia,Reddy,sofia.reddy138@example.com,AZ,2025-05-10,Premium
C00139,Arjun,Hall,arjun.hall139@example.com,FL,2024-11-26,Retail
C00140,Noah,Reddy,noah.reddy140@example.com,OH,2024-09-06,Premium
C00141,Mei,Young,mei.young141@example.com,GA,2024-12-10,Retail
C00142,Diego,Wilson,diego.wilson142@example.com,CA,2025-05-14,Retail
C00143,Ravi,Reddy,ravi.reddy143@example.com,WA,2024-10-13,Student
C00144,Mia,Singh,mia.singh144@example.com,IL,2025-06-13,Retail
C00145,Noah,Lee,noah.lee145@example.com,GA,2025-05-15,Student
C00146,Ethan,Davis,ethan.davis146@example.com,OH,2025-04-03,Retail
C00147,Noah,Lopez,noah.lopez147@example.com,NY,2025-02-18,Retail
C00148,Lucas,Hall,lucas.hall148@example.com,WA,2025-04-29,Student
C00149,Sofia,Khan,sofia.khan149@example.com,GA,2024-12-04,Retail
C00150,Meera,Reddy,meera.reddy150@example.com,FL,2024-09-14,Retail
C00151,Emma,Brown,emma.brown151@example.com,WA,2024-05-02,Student
C00152,Mason,Brown,mason.brown152@example.com,NY,2025-05-10,Retail
C00153,Mei,Moore,mei.moore153@example.com,AZ,2024-10-16,Retail
C00154,Sophia,Lopez,sophia.lopez154@example.com,NY,2025-01-04,Retail
C00155,Lucas,Smith,lucas.smith155@example.com,NC,2024-05-09,Retail
C00156,Liam,Johnson,liam.johnson156@example.com,NC,2024-10-26,Retail
C00157,Diego,Garcia,diego.garcia157@example.com,IL,2024-10-18,Premium
C00158,Diego,Rao,diego.rao158@example.com,WA,2024-07-07,Retail
C00159,Mia,Davis,mia.davis159@example.com,TX,2024-03-07,Premium
C00160,Diego,Patel,diego.patel160@example.com,AZ,2024-02-24,Retail
C00161,Olivia,Hall,olivia.hall161@example.com,FL,2024-03-28,Retail
C00162,Emma,Singh,emma.singh162@example.com,GA,2024-08-19,Student
C00163,Priya,Rao,priya.rao163@example.com,OH,2024-10-31,Student
C00164,Arjun,Lopez,arjun.lopez164@example.com,AZ,2024-03-02,Student
C00165,Emma,Brown,emma.brown165@example.com,NY,2024-09-27,Retail
C00166,Mason,Lee,mason.lee166@example.com,CA,2024-03-17,Retail
C00167,Ava,Clark,ava.clark167@example.com,OH,2025-04-26,Retail
C00168,Liam,Lee,liam.lee168@example.com,FL,2024-10-16,Premium
C00169,Noah,Lee,noah.lee169@example.com,FL,2024-07-21,Premium
C00170,Emma,Singh,emma.singh170@example.com,NY,2024-06-01,Retail
C00171,Olivia,Patel,olivia.patel171@example.com,IL,2024-06-18,Retail
C00172,Omar,Hall,omar.hall172@example.com,FL,2025-03-25,Retail
C00173,Meera,Lopez,meera.lopez173@example.com,GA,2024-10-05,Student
C00174,Chen,Davis,chen.davis174@example.com,OH,2024-03-23,Student
C00175,Liam,Clark,liam.clark175@example.com,WA,2024-09-13,Retail
C00176,Noah,Lee,noah.lee176@example.com,AZ,2024-01-22,Retail
C00177,Mei,Johnson,mei.johnson177@example.com,CA,2025-04-26,Student
C00178,Meera,Reddy,meera.reddy178@example.com,CA,2025-03-22,Premium
C00179,Noah,Davis,noah.davis179@example.com,WA,2025-02-22,Retail
C00180,Aria,Garcia,aria.garcia180@example.com,CA,2024-12-03,Premium
C00181,Diego,Lopez,diego.lopez181@example.com,GA,2024-02-07,Premium
C00182,Noah,Wilson,noah.wilson182@example.com,FL,2024-11-27,Retail
C00183,Priya,Moore,priya.moore183@example.com,IL,2025-04-18,Premium
C00184,Liam,Brown,liam.brown184@example.com,NC,2025-01-05,Student
C00185,Diego,Rao,diego.rao185@example.com,IL,2024-07-27,Retail
C00186,Chen,Kim,chen.kim186@example.com,FL,2025-03-24,Premium
C00187,Emma,Smith,emma.smith187@example.com,AZ,2024-09-02,Retail
C00188,Lucas,Singh,lucas.singh188@example.com,IL,2025-02-21,Retail
C00189,Ethan,Garcia,ethan.garcia189@example.com,OH,2024-04-30,Retail
C00190,Diego,Lopez,diego.lopez190@example.com,NC,2024-10-06,Premium
C00191,Diego,Davis,diego.davis191@example.com,NY,2025-04-12,Student
C00192,Olivia,Martin,olivia.martin192@example.com,NY,2025-06-04,Retail
C00193,Noah,Reddy,noah.reddy193@example.com,GA,2024-12-14,Student
C00194,Mia,Smith,mia.smith194@example.com,FL,2024-11-01,Student
C00195,Mei,Davis,mei.davis195@example.com,CA,2025-04-02,Student
C00196,Diego,Khan,diego.khan196@example.com,WA,2025-01-21,Premium
C00197,Aria,Brown,aria.brown197@example.com,NY,2025-01-27,Retail
C00198,Arjun,Johnson,arjun.johnson198@example.com,WA,2025-04-29,Premium
C00199,Priya,Kim,priya.kim199@example.com,OH,2024-02-07,Retail
C00200,Sofia,Hall,sofia.hall200@example.com,WA,2024-04-12,Premium
C00201,Emma,Moore,emma.moore201@example.com,OH,2024-01-16,Retail
C00202,Arjun,Kim,arjun.kim202@example.com,TX,2025-04-25,Retail
C00203,Aria,Young,aria.young203@example.com,GA,2024-03-23,Retail
C00204,Chen,Martin,chen.martin204@example.com,WA,2025-05-14,Student
C00205,Liam,Young,liam.young205@example.com,TX,2024-08-28,Retail
C00206,Ethan,Patel,ethan.patel206@example.com,GA,2024-04-10,Retail
C00207,Meera,Nguyen,meera.nguyen207@example.com,FL,2024-01-30,Retail
C00208,Aria,Johnson,aria.johnson208@example.com,FL,2025-01-02,Retail
C00209,Arjun,Kim,arjun.kim209@example.com,NY,2025-06-27,Premium
C00210,Mei,Nguyen,mei.nguyen210@example.com,CA,2024-06-28,Retail
C00211,Omar,Martin,omar.martin211@example.com,AZ,2024-09-03,Premium
C00212,Mei,Kim,mei.kim212@example.com,NY,2025-04-17,Retail
C00213,Meera,Reddy,meera.reddy213@example.com,IL,2025-04-21,Retail
C00214,Chen,Nguyen,chen.nguyen214@example.com,TX,2025-03-28,Retail
C00215,Mei,Lopez,mei.lopez215@example.com,GA,2024-09-13,Premium
C00216,Lucas,Brown,lucas.brown216@example.com,GA,2025-05-09,Retail
C00217,Ethan,Martin,ethan.martin217@example.com,AZ,2025-01-02,Student
C00218,Lucas,Lopez,lucas.lopez218@example.com,IL,2025-02-09,Retail
C00219,Ava,Hall,ava.hall219@example.com,IL,2025-05-23,Retail
C00220,Ethan,Young,ethan.young220@example.com,WA,2024-08-12,Retail
C00221,Omar,Reddy,omar.reddy221@example.com,CA,2024-04-09,Retail
C00222,Lucas,Rao,lucas.rao222@example.com,IL,2025-01-08,Retail
C00223,Noah,Lopez,noah.lopez223@example.com,WA,2025-03-01,Retail
C00224,Sophia,Kim,sophia.kim224@example.com,NC,2025-01-09,Student
C00225,Sofia,Reddy,sofia.reddy225@example.com,CA,2024-09-20,Premium
C00226,Lucas,Wilson,lucas.wilson226@example.com,TX,2025-04-24,Retail
C00227,Olivia,Lee,olivia.lee227@example.com,GA,2025-01-09,Retail
C00228,Priya,Smith,priya.smith228@example.com,FL,2024-05-06,Premium
C00229,Ravi,Reddy,ravi.reddy229@example.com,AZ,2025-01-25,Retail
C00230,Emma,Lee,emma.lee230@example.com,OH,2024-01-26,Student
C00231,Chen,Wilson,chen.wilson231@example.com,AZ,2024-08-14,Retail
C00232,Meera,Lopez,meera.lopez232@example.com,GA,2024-04-29,Retail
C00233,Liam,Johnson,liam.johnson233@example.com,FL,2025-05-19,Retail
C00234,Emma,Lee,emma.lee234@example.com,NC,2024-05-18,Premium
C00235,Meera,Khan,meera.khan235@example.com,NC,2025-03-05,Student
C00236,Olivia,Clark,olivia.clark236@example.com,TX,2025-05-16,Student
C00237,Arjun,Reddy,arjun.reddy237@example.com,IL,2025-01-14,Retail
C00238,Meera,Rao,meera.rao238@example.com,NY,2025-01-06,Retail
C00239,Ravi,Singh,ravi.singh239@example.com,WA,2024-03-03,Premium
C00240,Mia,Brown,mia.brown240@example.com,TX,2025-04-10,Retail
C00241,Sophia,Young,sophia.young241@example.com,IL,2024-02-21,Retail
C00242,Ethan,Kim,ethan.kim242@example.com,AZ,2024-07-29,Retail
C00243,Chen,Brown,chen.brown243@example.com,AZ,2024-08-09,Retail
C00244,Aria,Kim,aria.kim244@example.com,AZ,2024-01-03,Retail
C00245,Olivia,Kim,olivia.kim245@example.com,NC,2024-09-13,Retail
C00246,Emma,Smith,emma.smith246@example.com,CA,2024-01-16,Retail
C00247,Ethan,Hall,ethan.hall247@example.com,WA,2024-01-17,Retail
C00248,Mia,Johnson,mia.johnson248@example.com,CA,2025-03-07,Student
C00249,Emma,Patel,emma.patel249@example.com,OH,2025-04-04,Retail
C00250,Sofia,Hall,sofia.hall250@example.com,TX,2025-04-07,Student
C00251,Ethan,Young,ethan.young251@example.com,IL,2025-06-17,Retail
C00252,Meera,Smith,meera.smith252@example.com,IL,2025-05-05,Premium
C00253,Arjun,Garcia,arjun.garcia253@example.com,OH,2025-03-30,Retail
C00254,Noah,Wilson,noah.wilson254@example.com,AZ,2024-05-31,Retail
C00255,Olivia,Reddy,olivia.reddy255@example.com,AZ,2024-11-28,Premium
C00256,Omar,Moore,omar.moore256@example.com,FL,2025-04-09,Student
C00257,Omar,Clark,omar.clark257@example.com,TX,2024-04-27,Student
C00258,Sophia,Clark,sophia.clark258@example.com,OH,2024-08-21,Premium
C00259,Aria,Rao,aria.rao259@example.com,GA,2025-03-01,Retail
C00260,Aria,Clark,aria.clark260@example.com,WA,2024-09-18,Retail
C00261,Olivia,Davis,olivia.davis261@example.com,TX,2024-04-03,Retail
C00262,Noah,Clark,noah.clark262@example.com,TX,2025-01-16,Retail
C00263,Chen,Johnson,chen.johnson263@example.com,AZ,2024-12-03,Retail
C00264,Arjun,Khan,arjun.khan264@example.com,GA,2024-02-22,Retail
C00265,Omar,Lopez,omar.lopez265@example.com,WA,2024-04-16,Student
C00266,Sofia,Brown,sofia.brown266@example.com,CA,2025-05-08,Retail
C00267,Emma,Khan,emma.khan267@example.com,NC,2025-01-11,Retail
C00268,Mia,Hall,mia.hall268@example.com,NY,2025-03-15,Student
C00269,Omar,Young,omar.young269@example.com,NC,2024-01-27,Student
C00270,Mia,Smith,mia.smith270@example.com,CA,2024-10-06,Retail
C00271,Aria,Khan,aria.khan271@example.com,IL,2024-07-04,Retail
C00272,Mei,Martin,mei.martin272@example.com,TX,2024-05-25,Retail
C00273,Noah,Moore,noah.moore273@example.com,NY,2025-01-20,Premium
C00274,Meera,Wilson,meera.wilson274@example.com,CA,2025-01-13,Retail
C00275,Aria,Hall,aria.hall275@example.com,AZ,2024-03-27,Retail
C00276,Olivia,Nguyen,olivia.nguyen276@example.com,AZ,2024-02-20,Retail
C00277,Mia,Rao,mia.rao277@example.com,GA,2025-05-12,Student
C00278,Meera,Clark,meera.clark278@example.com,FL,2024-08-08,Student
C00279,Emma,Khan,emma.khan279@example.com,GA,2024-04-23,Retail
C00280,Mei,Davis,mei.davis280@example.com,NC,2024-11-11,Retail
C00281,Ethan,Martin,ethan.martin281@example.com,AZ,2024-02-26,Retail
C00282,Sophia,Lopez,sophia.lopez282@example.com,NY,2024-05-20,Retail
C00283,Lucas,Wilson,lucas.wilson283@example.com,TX,2024-01-08,Premium
C00284,Arjun,Nguyen,arjun.nguyen284@example.com,CA,2025-01-24,Student
C00285,Ethan,Moore,ethan.moore285@example.com,NC,2024-12-28,Retail
C00286,Priya,Johnson,priya.johnson286@example.com,GA,2024-01-20,Premium
C00287,Noah,Wilson,noah.wilson287@example.com,AZ,2025-03-15,Student
C00288,Priya,Clark,priya.clark288@example.com,FL,2024-04-27,Premium
C00289,Ava,Wilson,ava.wilson289@example.com,CA,2025-04-16,Retail
C00290,Noah,Clark,noah.clark290@example.com,TX,2024-09-06,Premium
C00291,Mei,Martin,mei.martin291@example.com,NC,2024-03-21,Premium
C00292,Lucas,Wilson,lucas.wilson292@example.com,NY,2024-12-07,Retail
C00293,Noah,Moore,noah.moore293@example.com,TX,2025-06-27,Student
C00294,Sophia,Khan,sophia.khan294@example.com,WA,2024-05-31,Retail
C00295,Emma,Kim,emma.kim295@example.com,FL,2024-07-21,Retail
C00296,Omar,Kim,omar.kim296@example.com,TX,2024-06-30,Premium
C00297,Meera,Hall,meera.hall297@example.com,AZ,2025-04-04,Student
C00298,Omar,Wilson,omar.wilson298@example.com,WA,2024-06-03,Premium
C00299,Noah,Davis,noah.davis299@example.com,OH,2024-11-06,Retail
C00300,Mei,Johnson,mei.johnson300@example.com,WA,2025-06-03,Retail
C00301,Lucas,Rao,lucas.rao301@example.com,OH,2024-02-08,Retail
C00302,Ravi,Lopez,ravi.lopez302@example.com,TX,2024-04-02,Student
C00303,Omar,Moore,omar.moore303@example.com,GA,2025-04-18,Student
C00304,Chen,Johnson,chen.johnson304@example.com,OH,2024-07-11,Retail
C00305,Omar,Davis,omar.davis305@example.com,NC,2024-06-03,Retail
C00306,Meera,Garcia,meera.garcia306@example.com,WA,2024-03-27,Student
C00307,Mason,Johnson,mason.johnson307@example.com,NY,2025-03-24,Premium
C00308,Sofia,Moore,sofia.moore308@example.com,AZ,2024-06-11,Retail
C00309,Ravi,Lopez,ravi.lopez309@example.com,GA,2025-02-22,Retail
C00310,Omar,Johnson,omar.johnson310@example.com,WA,2024-03-08,Retail
C00311,Emma,Singh,emma.singh311@example.com,GA,2024-10-17,Retail
C00312,Omar,Kim,omar.kim312@example.com,WA,2024-03-24,Student
C00313,Olivia,Khan,olivia.khan313@example.com,FL,2025-02-05,Retail
C00314,Omar,Patel,omar.patel314@example.com,FL,2025-01-20,Retail
C00315,Olivia,Moore,olivia.moore315@example.com,TX,2025-03-09,Student
C00316,Ravi,Smith,ravi.smith316@example.com,WA,2024-11-12,Retail
C00317,Sophia,Wilson,sophia.wilson317@example.com,OH,2024-07-15,Retail
C00318,Olivia,Kim,olivia.kim318@example.com,TX,2024-10-29,Retail
C00319,Sofia,Singh,sofia.singh319@example.com,NC,2024-02-08,Retail
C00320,Omar,Kim,omar.kim320@example.com,AZ,2025-01-20,Retail
C00321,Mason,Nguyen,mason.nguyen321@example.com,AZ,2024-06-18,Premium
C00322,Liam,Clark,liam.clark322@example.com,WA,2024-08-31,Premium
C00323,Omar,Lopez,omar.lopez323@example.com,OH,2024-08-27,Student
C00324,Ethan,Lopez,ethan.lopez324@example.com,OH,2024-07-17,Retail
C00325,Mei,Rao,mei.rao325@example.com,OH,2024-10-15,Premium
C00326,Sofia,Moore,sofia.moore326@example.com,GA,2024-06-14,Retail
C00327,Omar,Kim,omar.kim327@example.com,FL,2024-02-23,Premium
C00328,Ravi,Singh,ravi.singh328@example.com,TX,2025-06-12,Retail
C00329,Lucas,Patel,lucas.patel329@example.com,CA,2024-10-06,Premium
C00330,Sofia,Kim,sofia.kim330@example.com,GA,2024-04-03,Retail
C00331,Meera,Khan,meera.khan331@example.com,IL,2025-02-28,Retail
C00332,Priya,Moore,priya.moore332@example.com,WA,2024-08-29,Premium
C00333,Noah,Khan,noah.khan333@example.com,NY,2024-01-29,Retail
C00334,Emma,Wilson,emma.wilson334@example.com,CA,2024-05-20,Retail
C00335,Lucas,Davis,lucas.davis335@example.com,CA,2025-04-25,Premium
C00336,Omar,Smith,omar.smith336@example.com,TX,2024-01-20,Retail
C00337,Sophia,Kim,sophia.kim337@example.com,NC,2025-06-24,Premium
C00338,Emma,Lopez,emma.lopez338@example.com,NY,2024-11-04,Retail
C00339,Liam,Lee,liam.lee339@example.com,GA,2025-04-13,Retail
C00340,Emma,Davis,emma.davis340@example.com,AZ,2024-01-17,Student
C00341,Mei,Lee,mei.lee341@example.com,CA,2024-10-25,Premium
C00342,Ava,Young,ava.young342@example.com,WA,2024-09-03,Student
C00343,Arjun,Nguyen,arjun.nguyen343@example.com,TX,2025-06-20,Retail
C00344,Noah,Moore,noah.moore344@example.com,NC,2025-06-03,Student
C00345,Chen,Smith,chen.smith345@example.com,GA,2025-04-26,Retail
C00346,Priya,Khan,priya.khan346@example.com,FL,2024-01-17,Retail
C00347,Noah,Khan,noah.khan347@example.com,NY,2024-04-16,Student
C00348,Aria,Kim,aria.kim348@example.com,IL,2024-12-26,Student
C00349,Aria,Nguyen,aria.nguyen349@example.com,OH,2025-05-05,Retail
C00350,Olivia,Patel,olivia.patel350@example.com,OH,2024-02-07,Retail
C00351,Sophia,Johnson,sophia.johnson351@example.com,NY,2024-02-12,Retail
C00352,Lucas,Moore,lucas.moore352@example.com,GA,2025-04-29,Retail
C00353,Liam,Brown,liam.brown353@example.com,FL,2024-12-31,Retail
C00354,Aria,Reddy,aria.reddy354@example.com,TX,2025-01-11,Premium
C00355,Priya,Rao,priya.rao355@example.com,GA,2024-12-13,Retail
C00356,Diego,Davis,diego.davis356@example.com,WA,2025-06-15,Retail
C00357,Noah,Clark,noah.clark357@example.com,TX,2025-03-16,Student
C00358,Mason,Singh,mason.singh358@example.com,FL,2024-11-24,Retail
C00359,Noah,Wilson,noah.wilson359@example.com,FL,2024-11-09,Premium
C00360,Omar,Clark,omar.clark360@example.com,CA,2025-03-30,Retail
C00361,Meera,Johnson,meera.johnson361@example.com,WA,2025-03-21,Retail
C00362,Liam,Patel,liam.patel362@example.com,GA,2025-01-07,Student
C00363,Mason,Smith,mason.smith363@example.com,CA,2025-03-24,Retail
C00364,Olivia,Patel,olivia.patel364@example.com,NY,2025-01-10,Retail
C00365,Priya,Hall,priya.hall365@example.com,IL,2024-06-06,Premium
C00366,Ravi,Khan,ravi.khan366@example.com,OH,2024-03-19,Student
C00367,Olivia,Moore,olivia.moore367@example.com,WA,2025-02-11,Retail
C00368,Mia,Lee,mia.lee368@example.com,TX,2024-01-27,Retail
C00369,Diego,Moore,diego.moore369@example.com,GA,2024-04-30,Retail
C00370,Mia,Rao,mia.rao370@example.com,NY,2024-10-19,Premium
C00371,Sophia,Garcia,sophia.garcia371@example.com,CA,2024-03-16,Premium
C00372,Mason,Rao,mason.rao372@example.com,TX,2024-11-23,Retail
C00373,Noah,Singh,noah.singh373@example.com,NC,2024-10-24,Retail
C00374,Mason,Nguyen,mason.nguyen374@example.com,WA,2025-06-04,Retail
C00375,Emma,Brown,emma.brown375@example.com,CA,2024-08-30,Premium
C00376,Ava,Khan,ava.khan376@example.com,NC,2025-01-12,Premium
C00377,Chen,Kim,chen.kim377@example.com,AZ,2024-03-29,Retail
C00378,Lucas,Martin,lucas.martin378@example.com,OH,2025-06-22,Premium
C00379,Arjun,Hall,arjun.hall379@example.com,TX,2024-05-08,Retail
C00380,Noah,Rao,noah.rao380@example.com,OH,2025-06-13,Retail
C00381,Olivia,Singh,olivia.singh381@example.com,AZ,2024-07-05,Retail
C00382,Arjun,Moore,arjun.moore382@example.com,IL,2024-05-07,Student
C00383,Olivia,Lopez,olivia.lopez383@example.com,CA,2024-06-14,Retail
C00384,Ethan,Khan,ethan.khan384@example.com,NC,2024-10-17,Retail
C00385,Mia,Brown,mia.brown385@example.com,NC,2024-10-08,Retail
C00386,Lucas,Young,lucas.young386@example.com,NC,2024-04-05,Student
C00387,Mason,Hall,mason.hall387@example.com,AZ,2024-06-06,Retail
C00388,Omar,Young,omar.young388@example.com,WA,2024-02-12,Retail
C00389,Noah,Johnson,noah.johnson389@example.com,AZ,2024-09-28,Retail
C00390,Mei,Clark,mei.clark390@example.com,AZ,2024-02-01,Premium
C00391,Chen,Lopez,chen.lopez391@example.com,FL,2025-05-09,Retail
C00392,Priya,Lopez,priya.lopez392@example.com,OH,2024-03-15,Retail
C00393,Mason,Rao,mason.rao393@example.com,GA,2025-05-10,Premium
C00394,Sophia,Wilson,sophia.wilson394@example.com,AZ,2024-05-27,Retail
C00395,Aria,Khan,aria.khan395@example.com,GA,2024-05-13,Retail
C00396,Sofia,Singh,sofia.singh396@example.com,TX,2024-11-22,Retail
C00397,Meera,Garcia,meera.garcia397@example.com,FL,2025-04-05,Retail
C00398,Olivia,Garcia,olivia.garcia398@example.com,IL,2024-10-24,Premium
C00399,Omar,Clark,omar.clark399@example.com,NY,2024-06-12,Retail
C00400,Mei,Wilson,mei.wilson400@example.com,NY,2024-06-12,Premium
C00401,Sofia,Rao,sofia.rao401@example.com,OH,2024-11-11,Premium
C00402,Ava,Patel,ava.patel402@example.com,GA,2025-06-01,Premium
C00403,Ethan,Brown,ethan.brown403@example.com,AZ,2024-12-27,Retail
C00404,Liam,Lopez,liam.lopez404@example.com,OH,2025-04-26,Retail
C00405,Chen,Smith,chen.smith405@example.com,TX,2025-03-17,Retail
C00406,Mia,Khan,mia.khan406@example.com,GA,2025-01-09,Retail
C00407,Priya,Johnson,priya.johnson407@example.com,AZ,2024-07-18,Retail
C00408,Chen,Lopez,chen.lopez408@example.com,TX,2025-01-30,Student
C00409,Meera,Singh,meera.singh409@example.com,FL,2024-05-01,Retail
C00410,Emma,Martin,emma.martin410@example.com,WA,2024-12-13,Student
C00411,Ravi,Kim,ravi.kim411@example.com,NY,2025-06-05,Premium
C00412,Sofia,Johnson,sofia.johnson412@example.com,IL,2024-02-09,Retail
C00413,Aria,Davis,aria.davis413@example.com,NC,2025-04-12,Retail
C00414,Omar,Moore,omar.moore414@example.com,CA,2024-12-01,Student
C00415,Aria,Nguyen,aria.nguyen415@example.com,GA,2024-11-02,Student
C00416,Aria,Moore,aria.moore416@example.com,NC,2025-06-29,Premium
C00417,Mei,Lopez,mei.lopez417@example.com,OH,2024-01-18,Retail
C00418,Aria,Garcia,aria.garcia418@example.com,GA,2024-11-11,Retail
C00419,Omar,Davis,omar.davis419@example.com,FL,2024-08-21,Retail
C00420,Mei,Davis,mei.davis420@example.com,CA,2025-06-20,Student
C00421,Priya,Kim,priya.kim421@example.com,NY,2024-02-02,Student
C00422,Emma,Brown,emma.brown422@example.com,IL,2025-03-27,Retail
C00423,Arjun,Kim,arjun.kim423@example.com,GA,2024-07-27,Premium
C00424,Sofia,Young,sofia.young424@example.com,OH,2024-03-04,Retail
C00425,Sofia,Brown,sofia.brown425@example.com,NC,2024-11-28,Premium
C00426,Sofia,Martin,sofia.martin426@example.com,WA,2024-06-26,Premium
C00427,Chen,Wilson,chen.wilson427@example.com,NC,2024-12-28,Retail
C00428,Omar,Davis,omar.davis428@example.com,NY,2024-09-09,Retail
C00429,Chen,Lopez,chen.lopez429@example.com,NY,2024-10-31,Retail
C00430,Sophia,Davis,sophia.davis430@example.com,WA,2025-05-06,Retail
C00431,Chen,Reddy,chen.reddy431@example.com,FL,2024-05-04,Student
C00432,Chen,Martin,chen.martin432@example.com,GA,2024-12-19,Retail
C00433,Lucas,Johnson,lucas.johnson433@example.com,FL,2024-03-21,Retail
C00434,Meera,Reddy,meera.reddy434@example.com,OH,2024-08-07,Retail
C00435,Chen,Reddy,chen.reddy435@example.com,NC,2024-10-05,Retail
C00436,Emma,Young,emma.young436@example.com,AZ,2024-09-02,Retail
C00437,Liam,Moore,liam.moore437@example.com,NY,2024-08-26,Retail
C00438,Emma,Clark,emma.clark438@example.com,WA,2025-04-28,Retail
C00439,Olivia,Smith,olivia.smith439@example.com,NC,2024-06-10,Premium
C00440,Diego,Davis,diego.davis440@example.com,NY,2024-10-21,Retail
C00441,Lucas,Johnson,lucas.johnson441@example.com,TX,2024-08-25,Student
C00442,Liam,Nguyen,liam.nguyen442@example.com,GA,2024-06-29,Retail
C00443,Priya,Davis,priya.davis443@example.com,CA,2024-10-23,Retail
C00444,Ava,Lopez,ava.lopez444@example.com,AZ,2024-04-19,Retail
C00445,Lucas,Rao,lucas.rao445@example.com,NC,2025-06-20,Premium
C00446,Olivia,Moore,olivia.moore446@example.com,OH,2024-10-06,Retail
C00447,Emma,Wilson,emma.wilson447@example.com,CA,2025-04-14,Retail
C00448,Mason,Smith,mason.smith448@example.com,WA,2024-10-29,Student
C00449,Sophia,Nguyen,sophia.nguyen449@example.com,AZ,2025-02-19,Premium
C00450,Sofia,Wilson,sofia.wilson450@example.com,TX,2025-02-14,Retail
C00451,Mason,Kim,mason.kim451@example.com,OH,2024-11-27,Retail
C00452,Ava,Reddy,ava.reddy452@example.com,GA,2024-08-29,Premium
C00453,Mia,Wilson,mia.wilson453@example.com,FL,2024-01-12,Retail
C00454,Ravi,Lee,ravi.lee454@example.com,IL,2024-05-01,Premium
C00455,Lucas,Nguyen,lucas.nguyen455@example.com,GA,2025-05-29,Retail
C00456,Emma,Lopez,emma.lopez456@example.com,WA,2024-08-14,Retail
C00457,Olivia,Davis,olivia.davis457@example.com,CA,2025-04-10,Student
C00458,Ravi,Clark,ravi.clark458@example.com,NC,2025-04-27,Student
C00459,Sophia,Lee,sophia.lee459@example.com,AZ,2024-03-24,Student
C00460,Meera,Moore,meera.moore460@example.com,WA,2024-03-20,Student
C00461,Emma,Johnson,emma.johnson461@example.com,NC,2025-06-01,Retail
C00462,Mei,Singh,mei.singh462@example.com,CA,2024-06-17,Retail
C00463,Sofia,Rao,sofia.rao463@example.com,TX,2024-07-29,Student
C00464,Diego,Patel,diego.patel464@example.com,NC,2025-04-01,Retail
C00465,Meera,Kim,meera.kim465@example.com,NC,2025-03-01,Premium
C00466,Mei,Johnson,mei.johnson466@example.com,NC,2025-04-18,Retail
C00467,Ava,Martin,ava.martin467@example.com,FL,2024-01-04,Retail
C00468,Mei,Patel,mei.patel468@example.com,IL,2025-03-09,Retail
C00469,Noah,Singh,noah.singh469@example.com,IL,2024-03-11,Premium
C00470,Liam,Lopez,liam.lopez470@example.com,GA,2024-07-03,Retail
C00471,Arjun,Khan,arjun.khan471@example.com,GA,2025-04-04,Premium
C00472,Priya,Patel,priya.patel472@example.com,NC,2024-05-16,Retail
C00473,Emma,Nguyen,emma.nguyen473@example.com,NC,2025-02-06,Student
C00474,Olivia,Lee,olivia.lee474@example.com,IL,2024-01-24,Retail
C00475,Meera,Singh,meera.singh475@example.com,GA,2025-06-28,Premium
C00476,Ethan,Lee,ethan.lee476@example.com,OH,2024-12-20,Retail
C00477,Mia,Brown,mia.brown477@example.com,TX,2024-02-02,Premium
C00478,Omar,Smith,omar.smith478@example.com,NY,2024-07-30,Retail
C00479,Emma,Young,emma.young479@example.com,IL,2025-04-02,Student
C00480,Liam,Lee,liam.lee480@example.com,IL,2025-02-15,Premium
C00481,Ethan,Singh,ethan.singh481@example.com,NY,2024-02-27,Retail
C00482,Sofia,Lopez,sofia.lopez482@example.com,NY,2024-11-22,Student
C00483,Omar,Wilson,omar.wilson483@example.com,NY,2024-11-05,Retail
C00484,Sofia,Lee,sofia.lee484@example.com,GA,2024-11-03,Retail
C00485,Liam,Singh,liam.singh485@example.com,AZ,2024-06-28,Premium
C00486,Chen,Davis,chen.davis486@example.com,IL,2024-12-18,Premium
C00487,Sofia,Wilson,sofia.wilson487@example.com,GA,2025-02-22,Retail
C00488,Lucas,Martin,lucas.martin488@example.com,CA,2025-04-29,Retail
C00489,Ethan,Lopez,ethan.lopez489@example.com,CA,2025-04-19,Retail
C00490,Chen,Clark,chen.clark490@example.com,GA,2025-06-26,Retail
C00491,Priya,Lee,priya.lee491@example.com,FL,2024-07-27,Retail
C00492,Noah,Rao,noah.rao492@example.com,WA,2024-04-04,Student
C00493,Sophia,Johnson,sophia.johnson493@example.com,FL,2025-01-21,Student
C00494,Omar,Johnson,omar.johnson494@example.com,TX,2024-07-11,Student
C00495,Chen,Brown,chen.brown495@example.com,OH,2024-08-01,Retail
C00496,Lucas,Smith,lucas.smith496@example.com,NY,2024-07-13,Retail
C00497,Diego,Lee,diego.lee497@example.com,AZ,2024-07-28,Premium
C00498,Ethan,Singh,ethan.singh498@example.com,WA,2024-10-16,Premium
C00499,Meera,Singh,meera.singh499@example.com,WA,2024-11-11,Retail
C00500,Ravi,Moore,ravi.moore500@example.com,OH,2025-04-22,Retail
C00007, Ava ,Smith,AVA.SMITH7@EXAMPLE.COM,il,2024-02-01,Retail
C00501,Test,User,,TX,2025-01-15,
