loan_id,customer_id,product,principal,interest_rate,origination_date,term_months,outstanding_balance,days_past_due
L00001,C00123,Credit Card,6000,23.7,2025-04-02,12,2332.7,0
L00002,C00023,Auto,24000,12.51,2024-07-23,48,22577.79,0
L00003,C00399,Auto,10000,5.71,2024-12-01,24,7267.63,15
L00004,C00420,Auto,46000,14.14,2025-09-04,60,32303.8,0
L00005,C00101,Credit Card,15000,9.8,2025-03-17,48,14837.58,0
L00006,C00457,Credit Card,9000,8.28,2025-04-17,24,6254.26,0
L00007,C00173,Credit Card,12000,24.79,2025-02-26,60,8169.67,0
L00008,C00150,Auto,12000,23.54,2025-01-08,48,2889.47,45
L00009,C00142,Credit Card,13000,14.92,2025-08-10,24,8829.92,15
L00010,C00473,Personal,19000,18.54,2025-08-18,48,7634.82,0
L00011,C00393,Personal,26000,14.13,2025-06-27,48,17275.23,0
L00012,C00132,Personal,23000,18.73,2025-01-28,36,6945.75,0
L00013,C00104,Personal,16000,5.54,2024-05-24,60,8494.61,0
L00014,C00253,Personal,27000,9.52,2025-07-14,48,16078.48,0
L00015,C00254,Personal,28000,11.47,2025-09-08,48,26025.51,45
L00016,C00433,Auto,55000,15.32,2025-02-11,48,50512.73,0
L00017,C00421,Credit Card,7000,12.65,2024-09-07,60,5647.27,0
L00018,C00176,Credit Card,13000,14.44,2024-05-08,48,8608.29,0
L00019,C00368,Auto,39000,23.18,2024-11-16,60,29470.36,15
L00020,C00424,Personal,12000,13.24,2024-11-02,24,4062.72,15
L00021,C00364,Credit Card,11000,17.91,2025-03-28,24,10321.87,0
L00022,C00398,Personal,18000,8.36,2025-02-28,60,12070.4,75
L00023,C00185,Credit Card,13000,20.88,2024-11-17,24,7834.29,0
L00024,C00145,Auto,17000,20.57,2025-09-14,24,16298.5,0
L00025,C00341,Personal,26000,12.91,2025-01-22,48,16420.64,0
L00026,C00102,Auto,58000,18.72,2025-07-23,12,19328.63,0
L00027,C00487,Personal,23000,11.67,2025-05-01,12,9942.73,45
L00028,C00009,Credit Card,14000,18.94,2024-06-19,36,7626.16,0
L00029,C00203,Credit Card,10000,18.35,2024-04-17,24,7461.04,45
L00030,C00294,Personal,22000,24.8,2024-12-03,24,19125.62,0
L00031,C00388,Personal,25000,18.58,2024-02-26,48,12817.96,0
L00032,C00186,Credit Card,8000,20.39,2025-05-17,48,6369.43,0
L00033,C00326,Credit Card,11000,22.02,2024-07-07,24,5299.61,0
L00034,C00435,Credit Card,11000,20.56,2024-12-08,24,6697.77,45
L00035,C00158,Credit Card,2000,21.87,2025-08-14,12,1654.96,0
L00036,C00180,Auto,29000,24.26,2025-02-19,36,19706.27,0
L00037,C00448,Personal,10000,21.1,2024-11-16,60,2259.32,0
L00038,C00303,Personal,25000,23.14,2025-08-06,12,18370.66,75
L00039,C00366,Auto,51000,5.52,2025-09-11,48,48339.87,0
L00040,C00483,Personal,11000,6.9,2025-04-30,60,8010.33,0
L00041,C00305,Credit Card,12000,15.9,2025-04-26,12,3762.31,0
L00042,C00224,Personal,11000,16.84,2025-01-18,48,5480.98,15
L00043,C00375,Credit Card,6000,23.33,2025-03-02,48,4334.78,0
L00044,C00034,Personal,27000,16.18,2025-05-30,24,19536.81,0
L00045,C00061,Credit Card,10000,9.05,2024-11-19,24,2831.79,0
L00046,C00136,Personal,23000,9.27,2024-08-20,60,20499.13,0
L00047,C00408,Auto,18000,12.5,2025-08-15,24,8681.96,15
L00048,C00411,Auto,43000,10.29,2025-08-30,36,10967.22,0
L00049,C00446,Credit Card,8000,7.99,2025-01-18,24,7810.78,0
L00050,C00157,Personal,20000,15.08,2025-09-10,36,9914.93,0
L00051,C00320,Credit Card,13000,16.72,2025-04-24,60,11248.24,45
L00052,C00336,Credit Card,6000,9.73,2024-01-22,48,3328.3,0
L00053,C00307,Auto,57000,22.16,2025-06-05,60,47182.08,0
L00054,C00469,Credit Card,2000,9.11,2024-10-06,24,414.73,0
L00055,C00006,Credit Card,10000,9.37,2025-09-03,12,2141.06,45
L00056,C00003,Personal,23000,10.37,2025-02-07,24,21245.9,0
L00057,C00202,Credit Card,12000,19.23,2025-09-19,24,2686.98,0
L00058,C00002,Credit Card,15000,21.15,2025-08-31,24,7933.3,0
L00059,C00028,Auto,18000,13.1,2025-06-09,24,13449.68,120
L00060,C00381,Personal,6000,21.73,2025-02-15,24,2533.79,0
L00061,C00019,Credit Card,6000,7.81,2025-07-02,24,2463.23,0
L00062,C00086,Credit Card,5000,21.1,2025-05-19,36,4349.02,75
L00063,C00065,Auto,42000,16.43,2025-01-26,12,8846.24,0
L00064,C00190,Auto,18000,14.29,2025-05-18,12,6409.12,0
L00065,C00284,Personal,12000,23.49,2025-07-02,12,10459.57,0
L00066,C00461,Personal,9000,7.49,2025-06-25,24,4785.24,0
L00067,C00197,Personal,11000,24.49,2025-08-23,60,3099.31,0
L00068,C00217,Personal,10000,23.71,2025-06-29,60,5191.63,0
L00069,C00137,Credit Card,3000,12.58,2025-07-19,24,2463.8,0
L00070,C00211,Auto,23000,6.01,2025-02-01,60,7371.91,15
L00071,C00010,Auto,54000,16.57,2025-03-26,48,27902.72,120
L00072,C00099,Personal,30000,22.2,2025-09-09,36,27966.77,45
L00073,C00076,Personal,29000,11.62,2025-04-20,12,15309.38,0
L00074,C00282,Personal,15000,10.08,2025-05-08,48,12524.25,0
L00075,C00235,Personal,18000,9.82,2025-09-04,48,13815.54,0
L00076,C00252,Personal,11000,23.59,2025-07-25,12,3820.38,0
L00077,C00005,Auto,15000,14.61,2025-06-10,48,4204.76,0
L00078,C00164,Credit Card,13000,22.49,2024-10-29,24,2935.99,45
L00079,C00353,Personal,4000,20.36,2025-03-05,12,3705.2,0
L00080,C00213,Credit Card,7000,10.32,2025-09-30,36,5949.54,0
L00081,C00327,Auto,52000,6.76,2025-06-19,60,18610.93,0
L00082,C00147,Credit Card,12000,14.96,2025-04-28,36,5286.37,0
L00083,C00343,Credit Card,12000,24.15,2025-07-09,12,11540.0,0
L00084,C00437,Personal,22000,19.36,2025-09-10,12,11417.23,45
L00085,C00071,Personal,9000,6.28,2025-08-16,36,8048.67,0
L00086,C00318,Credit Card,13000,24.2,2024-11-24,48,4125.67,15
L00087,C00358,Personal,27000,14.33,2025-03-09,12,8508.1,0
L00088,C00193,Credit Card,15000,16.12,2025-03-10,60,10106.16,0
L00089,C00342,Auto,19000,16.83,2025-07-04,36,15566.13,45
L00090,C00230,Auto,32000,8.34,2025-02-13,24,9532.15,0
L00091,C00462,Personal,9000,19.15,2024-11-19,36,7158.97,15
L00092,C00272,Auto,27000,11.36,2025-03-06,24,7535.81,45
L00093,C00402,Personal,29000,17.16,2025-08-04,48,27230.39,0
L00094,C00078,Credit Card,14000,24.55,2025-03-04,60,10030.84,0
L00095,C00148,Credit Card,11000,13.12,2025-09-21,60,2863.07,15
L00096,C00450,Personal,3000,16.54,2025-04-04,24,694.66,0
L00097,C00479,Personal,29000,21.43,2025-08-01,24,11061.17,0
L00098,C00277,Auto,42000,23.6,2025-05-25,60,30831.42,0
L00099,C00138,Personal,27000,13.0,2025-08-21,36,11733.63,0
L00100,C00338,Personal,25000,23.61,2025-09-23,24,15412.32,0
L00101,C00125,Credit Card,7000,23.31,2024-12-13,12,6011.49,0
L00102,C00152,Personal,4000,6.2,2025-06-21,36,1999.01,0
L00103,C00275,Credit Card,8000,21.47,2024-11-26,24,4962.02,0
L00104,C00403,Personal,10000,7.73,2025-08-19,60,7476.25,0
L00105,C00044,Credit Card,4000,10.27,2025-07-31,60,2204.75,0
L00106,C00472,Personal,21000,15.14,2024-12-23,12,6084.14,0
L00107,C00161,Credit Card,14000,15.93,2025-08-11,60,6958.88,0
L00108,C00438,Personal,3000,11.38,2025-09-10,48,2863.79,0
L00109,C00409,Auto,31000,14.51,2025-05-17,36,15829.65,0
L00110,C00442,Personal,9000,13.84,2025-04-21,24,6880.96,45
L00111,C00236,Auto,23000,18.55,2025-08-13,24,14932.76,15
L00112,C00229,Personal,26000,16.3,2025-08-29,24,12721.36,0
L00113,C00127,Auto,20000,9.61,2024-12-11,12,4728.19,15
L00114,C00451,Personal,14000,22.65,2025-05-02,12,6444.51,0
L00115,C00165,Personal,7000,7.01,2025-08-18,48,5530.28,0
L00116,C00378,Auto,38000,19.04,2025-09-22,24,16037.55,0
L00117,C00050,Auto,11000,16.52,2024-08-30,60,7690.81,0
L00118,C00126,Personal,7000,21.56,2024-09-15,36,1827.75,0
L00119,C00016,Credit Card,3000,13.33,2025-09-01,48,2644.56,0
L00120,C00066,Personal,17000,10.28,2025-06-01,36,3406.4,0
L00121,C00168,Credit Card,3000,7.48,2025-05-21,12,2208.88,75
L00122,C00209,Personal,19000,23.59,2025-06-30,48,12781.29,0
L00123,C00072,Personal,18000,16.4,2025-09-21,24,15435.81,0
L00124,C00205,Personal,30000,13.92,2025-08-13,60,11367.25,0
L00125,C00499,Credit Card,7000,19.49,2025-08-14,24,2165.39,0
L00126,C00392,Personal,29000,20.67,2024-08-26,60,25512.47,0
L00127,C00119,Credit Card,15000,20.38,2025-05-09,60,13135.65,0
L00128,C00182,Credit Card,7000,13.59,2024-11-27,24,6293.26,0
L00129,C00319,Personal,21000,17.26,2024-12-13,60,14479.55,0
L00130,C00110,Auto,21000,7.87,2025-06-27,12,19436.76,0
L00131,C00354,Auto,60000,9.52,2025-01-18,48,47277.36,0
L00132,C00317,Auto,12000,23.56,2025-03-22,12,3390.24,0
L00133,C00464,Personal,23000,22.55,2025-06-16,48,11455.51,0
L00134,C00140,Credit Card,6000,16.79,2025-06-08,48,1252.39,0
L00135,C00133,Personal,7000,21.8,2025-03-31,36,4355.87,0
L00136,C00020,Personal,7000,11.3,2024-08-24,36,6781.05,15
L00137,C00308,Auto,54000,21.18,2024-12-23,12,45310.51,0
L00138,C00244,Credit Card,2000,19.74,2025-03-04,60,775.1,0
L00139,C00074,Credit Card,4000,23.09,2024-09-25,60,3429.06,75
L00140,C00247,Credit Card,14000,13.5,2024-04-04,60,4121.41,15
L00141,C00302,Credit Card,1000,5.96,2025-07-26,12,948.76,0
L00142,C00131,Personal,25000,17.97,2024-04-17,60,24351.1,0
L00143,C00216,Personal,19000,20.22,2025-09-09,36,6300.46,0
L00144,C00283,Auto,44000,10.45,2024-12-18,12,22981.89,0
L00145,C00370,Auto,24000,18.97,2024-11-13,12,6738.21,0
L00146,C00493,Credit Card,15000,21.3,2025-09-14,24,12132.96,0
L00147,C00313,Auto,15000,19.41,2025-04-25,36,14134.85,0
L00148,C00175,Auto,42000,21.88,2025-03-26,24,22390.2,0
L00149,C00470,Auto,55000,13.65,2025-01-18,12,51862.65,0
L00150,C00344,Personal,13000,17.26,2025-07-22,24,3662.17,0
L00151,C00097,Auto,43000,13.73,2025-04-13,36,36154.81,0
L00152,C00032,Credit Card,8000,8.26,2025-07-03,48,6191.4,0
L00153,C00025,Auto,14000,10.22,2025-07-18,36,13369.4,15
L00154,C00166,Credit Card,10000,16.47,2025-06-29,36,8011.01,0
L00155,C00011,Personal,29000,14.47,2025-05-27,48,20623.83,0
L00156,C00459,Personal,4000,15.96,2024-07-09,12,1781.6,0
L00157,C00427,Credit Card,9000,7.26,2025-09-27,12,7144.02,0
L00158,C00079,Auto,41000,10.49,2025-08-23,12,8382.44,0
L00159,C00444,Personal,3000,23.35,2024-08-30,36,2371.54,0
L00160,C00060,Credit Card,7000,21.93,2025-04-15,12,4372.89,75
L00161,C00377,Personal,6000,7.94,2024-10-13,48,1789.64,0
L00162,C00121,Personal,23000,22.29,2025-05-10,24,19150.83,0
L00163,C00179,Credit Card,14000,11.69,2025-04-03,60,11103.62,120
L00164,C00311,Credit Card,12000,16.4,2025-02-23,24,4817.66,0
L00165,C00352,Personal,19000,8.28,2025-06-12,24,4561.68,0
L00166,C00441,Personal,17000,19.41,2025-06-30,12,7079.4,15
L00167,C00095,Auto,53000,19.44,2024-12-03,24,36065.56,15
L00168,C00255,Credit Card,10000,16.23,2025-01-23,48,8250.35,0
L00169,C00425,Credit Card,12000,6.16,2025-03-09,36,10537.31,0
L00170,C00256,Credit Card,13000,24.31,2025-09-26,48,11012.53,45
L00171,C00426,Credit Card,8000,11.89,2024-09-03,24,4607.97,0
L00172,C00347,Personal,20000,12.81,2024-07-04,12,18707.1,0
L00173,C00240,Personal,30000,18.13,2025-06-17,36,6389.45,15
L00174,C00208,Personal,22000,10.6,2025-01-27,60,18121.25,0
L00175,C00114,Credit Card,8000,18.41,2025-05-16,48,6849.61,0
L00176,C00198,Credit Card,8000,14.84,2025-08-24,60,2174.71,45
L00177,C00322,Personal,2000,20.54,2025-06-23,12,1685.78,0
L00178,C00004,Personal,7000,21.14,2024-06-28,48,2957.45,0
L00179,C00035,Personal,9000,24.82,2025-03-14,60,5377.09,0
L00180,C00266,Credit Card,7000,15.98,2025-06-10,36,4891.98,0
L00181,C00248,Auto,27000,15.93,2025-05-03,60,15044.6,0
L00182,C00070,Personal,27000,21.45,2025-03-01,24,7456.98,45
L00183,C00269,Auto,14000,19.6,2024-02-22,48,7262.47,0
L00184,C00048,Credit Card,7000,6.32,2025-07-18,60,4857.34,0
L00185,C00407,Personal,26000,8.24,2025-09-05,24,24208.51,0
L00186,C00301,Auto,30000,13.28,2025-06-08,36,6597.58,0
L00187,C00431,Credit Card,11000,23.94,2025-02-21,48,9369.2,0
L00188,C00053,Personal,15000,12.92,2025-06-30,48,7559.66,0
L00189,C00339,Auto,32000,17.12,2025-07-15,24,28079.99,0
L00190,C00172,Auto,36000,22.75,2025-06-10,12,11923.89,0
L00191,C00239,Credit Card,6000,7.27,2025-07-08,48,1929.67,0
L00192,C00480,Personal,20000,7.27,2025-09-29,12,8831.72,0
L00193,C00325,Auto,59000,14.56,2025-02-04,60,28322.76,0
L00194,C00144,Personal,28000,24.79,2025-07-07,12,10342.05,0
L00195,C00481,Credit Card,1000,9.68,2024-11-27,60,491.2,45
L00196,C00015,Personal,5000,14.76,2025-09-29,12,3204.71,0
L00197,C00340,Credit Card,7000,14.75,2025-04-22,24,6434.01,0
L00198,C00312,Auto,58000,23.02,2024-08-21,48,30458.78,0
L00199,C00116,Credit Card,7000,16.75,2025-07-06,24,3921.74,0
L00200,C00187,Personal,6000,16.1,2024-12-01,36,2045.32,0
L00201,C00191,Credit Card,10000,23.94,2025-07-11,12,2136.49,15
L00202,C00232,Personal,5000,23.41,2025-02-19,36,3547.38,45
L00203,C00281,Auto,34000,21.12,2024-08-28,48,12318.91,75
L00204,C00315,Credit Card,5000,22.9,2025-07-09,36,3201.08,0
L00205,C00306,Credit Card,8000,8.74,2024-12-07,24,7787.03,0
L00206,C00118,Credit Card,14000,11.37,2025-06-09,36,10631.46,0
L00207,C00287,Personal,20000,6.84,2025-06-30,12,12341.47,0
L00208,C00155,Personal,2000,23.7,2024-12-31,36,1036.72,0
L00209,C00477,Credit Card,4000,10.42,2024-09-26,24,3506.61,0
L00210,C00456,Credit Card,7000,7.52,2025-08-26,12,3125.97,0
L00211,C00094,Personal,29000,7.07,2025-07-08,36,15492.64,0
L00212,C00221,Credit Card,9000,23.95,2025-08-01,12,4261.63,45
L00213,C00045,Credit Card,14000,8.89,2024-04-22,60,9364.23,0
L00214,C00026,Credit Card,7000,23.71,2024-12-25,48,2576.45,0
L00215,C00428,Personal,24000,8.51,2025-04-20,60,15229.45,0
L00216,C00417,Credit Card,2000,14.4,2025-08-01,12,483.23,0
L00217,C00141,Personal,24000,12.58,2025-09-28,60,10042.22,0
L00218,C00276,Credit Card,1000,8.85,2025-01-31,48,923.87,0
L00219,C00415,Credit Card,7000,19.84,2025-08-03,36,1712.21,0
L00220,C00188,Credit Card,9000,17.61,2025-08-03,48,4930.08,0
L00221,C00310,Credit Card,6000,16.92,2025-08-05,48,4010.96,15
L00222,C00329,Auto,58000,15.19,2025-03-05,12,47615.36,0
L00223,C00316,Credit Card,1000,20.68,2025-08-03,24,670.93,0
L00224,C00385,Credit Card,12000,5.63,2024-11-27,24,6232.71,0
L00225,C00299,Auto,10000,7.72,2024-12-10,12,2031.5,15
L00226,C00396,Personal,28000,10.31,2024-12-20,24,18187.25,0
L00227,C00274,Auto,14000,24.77,2025-04-15,48,3754.4,0
L00228,C00401,Personal,5000,10.73,2025-04-10,24,3919.9,0
L00229,C00059,Credit Card,1000,22.06,2024-11-19,48,304.54,0
L00230,C00351,Personal,29000,12.49,2025-07-20,60,10996.37,45
L00231,C00199,Auto,42000,13.83,2024-04-13,36,31384.62,0
L00232,C00384,Credit Card,5000,19.32,2025-02-26,36,3885.07,15
L00233,C00192,Auto,26000,19.68,2025-09-18,48,15020.61,15
L00234,C00332,Credit Card,3000,10.07,2025-04-18,24,1459.55,0
L00235,C00057,Personal,2000,20.74,2025-06-27,36,1280.17,0
L00236,C00134,Auto,27000,8.23,2025-05-03,36,20270.58,0
L00237,C00458,Auto,18000,16.96,2025-09-15,36,6825.12,75
L00238,C00387,Credit Card,4000,19.21,2025-09-09,24,3782.38,45
L00239,C00280,Auto,28000,13.76,2025-05-03,24,8409.84,0
L00240,C00410,Credit Card,13000,10.33,2025-02-28,60,6678.42,0
L00241,C00162,Personal,10000,11.1,2025-03-11,36,4782.6,0
L00242,C00449,Credit Card,10000,14.31,2025-07-18,60,6388.38,0
L00243,C00293,Auto,25000,7.74,2025-08-01,36,21286.42,0
L00244,C00117,Personal,27000,18.92,2025-08-29,24,26830.19,0
L00245,C00049,Auto,17000,22.9,2025-07-11,48,12856.24,0
L00246,C00251,Personal,26000,24.37,2025-07-14,24,12425.32,0
L00247,C00495,Personal,15000,14.38,2025-08-06,48,13060.66,0
L00248,C00051,Credit Card,7000,15.22,2025-06-02,60,2549.15,0
L00249,C00296,Personal,2000,22.2,2024-12-21,48,1215.71,0
L00250,C00309,Personal,12000,13.09,2025-06-07,48,3764.62,120
L00251,C00036,Credit Card,8000,18.86,2025-08-30,12,3634.67,0
L00252,C00249,Auto,24000,14.2,2025-07-01,36,20256.72,0
L00253,C00037,Personal,22000,20.82,2024-07-12,60,7109.52,0
L00254,C00391,Credit Card,6000,22.38,2025-05-25,24,1750.16,0
L00255,C00334,Auto,56000,7.53,2024-07-12,12,46349.83,0
L00256,C00414,Credit Card,10000,20.95,2025-01-26,12,3234.43,0
L00257,C00030,Auto,30000,9.22,2025-07-30,48,21612.18,45
L00258,C00227,Personal,15000,22.81,2025-02-17,60,10272.07,0
L00259,C00295,Personal,22000,24.37,2024-09-08,48,9942.47,0
L00260,C00090,Credit Card,14000,10.31,2025-05-08,12,5594.24,0
L00261,C00234,Personal,25000,12.16,2025-08-30,60,12540.44,15
L00262,C00357,Auto,27000,23.86,2025-07-22,60,10223.56,0
L00263,C00363,Personal,27000,9.94,2025-09-23,36,20420.65,15
L00264,C00062,Personal,30000,15.85,2024-12-11,60,7654.96,0
L00265,C00246,Auto,20000,7.48,2024-06-30,48,15633.21,0
L00266,C00355,Personal,28000,23.51,2025-07-16,48,25021.13,45
L00267,C00324,Auto,31000,10.37,2025-07-07,48,15158.93,75
L00268,C00380,Personal,21000,9.11,2025-09-11,48,18877.36,0
L00269,C00228,Credit Card,7000,15.81,2025-04-21,24,5204.2,0
L00270,C00278,Credit Card,14000,9.14,2024-11-03,60,13163.98,0
L00271,C00488,Auto,27000,13.74,2025-09-04,24,25528.64,0
L00272,C00304,Credit Card,1000,22.03,2024-07-30,36,723.98,0
L00273,C00215,Auto,41000,9.8,2024-11-23,36,26441.89,0
L00274,C00139,Auto,45000,8.0,2024-12-07,48,26524.2,0
L00275,C00027,Auto,40000,7.55,2025-06-15,12,29302.64,0
L00276,C00039,Personal,2000,11.82,2025-06-17,36,750.78,0
L00277,C00460,Personal,5000,11.2,2024-04-27,12,4893.76,0
L00278,C00149,Auto,52000,22.43,2025-05-07,12,19398.91,0
L00279,C00083,Auto,24000,24.16,2025-03-15,12,8232.88,0
L00280,C00033,Credit Card,1000,18.0,2025-08-08,36,729.92,0
L00281,C00007,Personal,9000,17.58,2025-01-06,36,3254.83,45
L00282,C00085,Credit Card,2000,18.11,2025-06-08,12,1688.75,0
L00283,C00151,Credit Card,6000,12.97,2024-08-14,48,5951.84,0
L00284,C00467,Credit Card,6000,20.48,2024-05-26,36,4477.1,0
L00285,C00497,Auto,18000,11.5,2024-11-02,24,5639.63,0
L00286,C00189,Auto,33000,9.4,2025-03-03,36,23319.66,0
L00287,C00024,Auto,19000,13.81,2025-08-15,24,8325.57,0
L00288,C00386,Credit Card,8000,11.38,2025-04-18,60,4639.61,0
L00289,C00434,Credit Card,11000,7.85,2025-08-13,60,2584.12,75
L00290,C00360,Personal,2000,15.23,2025-07-25,24,1290.55,15
L00291,C00129,Credit Card,9000,12.26,2024-12-02,12,5696.23,0
L00292,C00362,Personal,6000,7.93,2025-07-04,24,5311.99,15
L00293,C00046,Credit Card,11000,21.8,2025-01-19,36,6440.44,0
L00294,C00143,Auto,24000,7.01,2025-06-24,48,21031.21,0
L00295,C00466,Personal,7000,13.27,2025-08-15,60,1474.33,120
L00296,C00285,Credit Card,8000,12.06,2025-05-23,60,3519.01,0
L00297,C00233,Credit Card,5000,7.02,2025-09-17,36,2952.67,0
L00298,C00490,Personal,14000,17.65,2025-08-10,48,9027.82,0
L00299,C00210,Auto,28000,17.08,2025-05-03,36,26106.5,0
L00300,C00383,Credit Card,8000,8.13,2025-08-02,36,6750.77,0
